image_path,steering_angle,command
dataset/img_00000.png,0.0,2
dataset/img_00010.png,0.0,2
dataset/img_00020.png,0.0,2
dataset/img_00030.png,0.0,2
dataset/img_00040.png,0.0,2
dataset/img_00050.png,0.0,2
dataset/img_00060.png,0.0,2
dataset/img_00070.png,0.0,2
dataset/img_00080.png,0.0,2
dataset/img_00090.png,0.0,2
dataset/img_00100.png,0.0,2
dataset/img_00110.png,0.0,2
dataset/img_00120.png,0.0,2
dataset/img_00130.png,0.0,2
dataset/img_00140.png,0.0,2
dataset/img_00150.png,0.0,2
dataset/img_00160.png,0.0,2
dataset/img_00170.png,0.0,2
dataset/img_00180.png,0.0,2
dataset/img_00190.png,0.0,2
dataset/img_00200.png,0.0,2
dataset/img_00210.png,0.0,2
dataset/img_00220.png,0.0,2
dataset/img_00230.png,0.0,2
dataset/img_00240.png,0.0,2
dataset/img_00250.png,0.0,2
dataset/img_00260.png,0.0,2
dataset/img_00270.png,0.0,2
dataset/img_00280.png,0.0,2
dataset/img_00290.png,0.0,2
dataset/img_00300.png,0.0,2
dataset/img_00310.png,0.0,2
dataset/img_00320.png,0.0,2
dataset/img_00330.png,0.0,2
dataset/img_00340.png,0.0,2
dataset/img_00350.png,0.0,2
dataset/img_00360.png,0.0,2
dataset/img_00370.png,0.0,2
dataset/img_00380.png,0.0,2
dataset/img_00390.png,0.0,2
dataset/img_00400.png,0.0,2
dataset/img_00410.png,0.0,2
dataset/img_00420.png,0.0,2
dataset/img_00430.png,0.0,2
dataset/img_00440.png,0.0,2
dataset/img_00450.png,0.0,2
dataset/img_00460.png,0.0,2
dataset/img_00470.png,0.0,2
dataset/img_00480.png,0.0,2
dataset/img_00490.png,0.0,2
dataset/img_00500.png,0.0,2
dataset/img_00510.png,0.0,2
dataset/img_00520.png,0.0,2
dataset/img_00530.png,0.0,2
dataset/img_00540.png,0.0,2
dataset/img_00550.png,0.0,2
dataset/img_00560.png,0.0,2
dataset/img_00570.png,0.0,2
dataset/img_00580.png,0.0,2
dataset/img_00590.png,0.0,2
dataset/img_00600.png,0.0,2
dataset/img_00610.png,0.0,2
dataset/img_00620.png,0.0,2
dataset/img_00630.png,0.0,2
dataset/img_00640.png,0.0,2
dataset/img_00650.png,0.0,2
dataset/img_00660.png,0.0,2
dataset/img_00670.png,0.0,2
dataset/img_00680.png,0.0,2
dataset/img_00690.png,0.0,2
dataset/img_00700.png,0.0,2
dataset/img_00710.png,0.0,2
dataset/img_00720.png,0.0,2
dataset/img_00730.png,0.0,2
dataset/img_00740.png,0.0,2
dataset/img_00750.png,0.0,2
dataset/img_00760.png,0.0,2
dataset/img_00770.png,0.0,2
dataset/img_00780.png,0.0,2
dataset/img_00790.png,0.0,2
dataset/img_00800.png,0.0,2
dataset/img_00810.png,0.0,2
dataset/img_00820.png,0.0,2
dataset/img_00830.png,0.0,2
dataset/img_00840.png,0.0,2
dataset/img_00850.png,0.0,2
dataset/img_00860.png,0.0,2
dataset/img_00870.png,0.0,2
dataset/img_00880.png,0.0,2
dataset/img_00890.png,0.0,2
dataset/img_00900.png,0.0,2
dataset/img_00910.png,0.0,2
dataset/img_00920.png,0.0,2
dataset/img_00930.png,0.0,2
dataset/img_00940.png,0.0,2
dataset/img_00950.png,0.0,2
dataset/img_00960.png,0.0,2
dataset/img_00970.png,0.0,2
dataset/img_00980.png,0.0,2
dataset/img_00990.png,0.0,2
dataset/img_01000.png,0.0,2
dataset/img_01010.png,0.0,2
dataset/img_01020.png,0.0,2
dataset/img_01030.png,0.0,2
dataset/img_01040.png,0.0,2
dataset/img_01050.png,0.0,2
dataset/img_01060.png,0.0,2
dataset/img_01070.png,0.0,2
dataset/img_01080.png,0.0,2
dataset/img_01090.png,0.0,2
dataset/img_01100.png,0.0,2
dataset/img_01110.png,0.0,2
dataset/img_01120.png,0.0,2
dataset/img_01130.png,0.0,2
dataset/img_01140.png,0.0,2
dataset/img_01150.png,0.0,2
dataset/img_01160.png,0.0,2
dataset/img_01170.png,0.0,2
dataset/img_01180.png,0.0,2
dataset/img_01190.png,0.0,2
dataset/img_01200.png,0.0,2
dataset/img_01210.png,0.0,2
dataset/img_01220.png,0.0,2
dataset/img_01230.png,0.0,2
dataset/img_01240.png,0.0,2
dataset/img_01250.png,0.0,2
dataset/img_01260.png,0.0,2
dataset/img_01270.png,0.0,2
dataset/img_01280.png,0.0,2
dataset/img_01290.png,0.0,2
dataset/img_01300.png,0.0,2
dataset/img_01310.png,0.0,2
dataset/img_01320.png,0.0,2
dataset/img_01330.png,0.0,2
dataset/img_01340.png,0.0,2
dataset/img_01350.png,0.0,2
dataset/img_01360.png,0.0,2
dataset/img_01370.png,0.0,2
dataset/img_01380.png,0.0,2
dataset/img_01390.png,0.0,2
dataset/img_01400.png,0.0,2
dataset/img_01410.png,0.0,2
dataset/img_01420.png,0.0,2
dataset/img_01430.png,0.0,2
dataset/img_01440.png,0.0,2
dataset/img_01450.png,0.0,2
dataset/img_01460.png,0.0,2
dataset/img_01470.png,0.0,2
dataset/img_01480.png,0.0,2
dataset/img_01490.png,0.0,2
dataset/img_01500.png,0.0,2
dataset/img_01510.png,0.0,2
dataset/img_01520.png,0.0,2
dataset/img_01530.png,0.0,2
dataset/img_01540.png,0.0,2
dataset/img_01550.png,0.0,2
dataset/img_01560.png,0.0,2
dataset/img_01570.png,0.0,2
dataset/img_01580.png,0.0,2
dataset/img_01590.png,0.0,2
dataset/img_01600.png,0.0,2
dataset/img_01610.png,0.0,2
dataset/img_01620.png,0.0,2
dataset/img_01630.png,0.0,2
dataset/img_01640.png,0.0,2
dataset/img_01650.png,0.0,2
dataset/img_01660.png,0.0,2
dataset/img_01670.png,0.0,2
dataset/img_01680.png,0.0,2
dataset/img_01690.png,0.0,2
dataset/img_01700.png,0.0,2
dataset/img_01710.png,0.0,2
dataset/img_01720.png,0.0,2
dataset/img_01730.png,0.0,2
dataset/img_01740.png,0.0,2
dataset/img_01750.png,0.0,2
dataset/img_01760.png,0.0,2
dataset/img_01770.png,0.0,2
dataset/img_01780.png,0.0,2
dataset/img_01790.png,0.0,2
dataset/img_01800.png,0.0,2
dataset/img_01810.png,0.0,2
dataset/img_01820.png,0.0,2
dataset/img_01830.png,0.0,2
dataset/img_01840.png,0.0,2
dataset/img_01850.png,0.0,2
dataset/img_01860.png,0.0,2
dataset/img_01870.png,0.0,2
dataset/img_01880.png,0.0,2
dataset/img_01890.png,0.0,2
dataset/img_01900.png,0.0,2
dataset/img_01910.png,0.0,2
dataset/img_01920.png,0.0,2
dataset/img_01930.png,0.0,2
dataset/img_01940.png,0.0,2
dataset/img_01950.png,0.0,2
dataset/img_01960.png,0.0,2
dataset/img_01970.png,0.0,2
dataset/img_01980.png,0.0,2
dataset/img_01990.png,0.0,2
dataset/img_02000.png,0.0,2
dataset/img_02010.png,0.0,2
dataset/img_02020.png,0.0,2
dataset/img_02030.png,0.0,2
dataset/img_02040.png,0.0,2
dataset/img_02050.png,0.0,2
dataset/img_02060.png,0.0,2
dataset/img_02070.png,0.0,2
dataset/img_02080.png,0.0,2
dataset/img_02090.png,0.0,2
dataset/img_02100.png,0.0,2
dataset/img_02110.png,0.0,2
dataset/img_02120.png,0.0,2
dataset/img_02130.png,0.0,2
dataset/img_02140.png,0.0,2
dataset/img_02150.png,0.0,2
dataset/img_02160.png,0.0,2
dataset/img_02170.png,0.0,2
dataset/img_02180.png,0.0,2
dataset/img_02190.png,0.0,2
dataset/img_02200.png,0.0,2
dataset/img_02210.png,0.0,2
dataset/img_02220.png,0.0,2
dataset/img_02230.png,0.0,2
dataset/img_02240.png,0.0,2
dataset/img_02250.png,0.0,2
dataset/img_02260.png,0.0,2
dataset/img_02270.png,0.0,2
dataset/img_02280.png,0.0,2
dataset/img_02290.png,0.0,2
dataset/img_02300.png,0.0,2
dataset/img_02310.png,0.0,2
dataset/img_02320.png,0.0,2
dataset/img_02330.png,0.0,2
dataset/img_02340.png,0.0,2
dataset/img_02350.png,0.0,2
dataset/img_02360.png,0.0,2
dataset/img_02370.png,0.0,2
dataset/img_02380.png,0.0,2
dataset/img_02390.png,0.0,2
dataset/img_02400.png,0.0,2
dataset/img_02410.png,0.0,2
dataset/img_02420.png,0.0,2
dataset/img_02430.png,0.0,2
dataset/img_02440.png,0.0,2
dataset/img_02450.png,0.0,2
dataset/img_02460.png,0.0,2
dataset/img_02470.png,0.0,2
dataset/img_02480.png,0.0,2
dataset/img_02490.png,0.0,2
dataset/img_02500.png,0.0,2
dataset/img_02510.png,0.0,2
dataset/img_02520.png,0.0,2
dataset/img_02530.png,0.0,2
dataset/img_02540.png,0.0,2
dataset/img_02550.png,0.0,2
dataset/img_02560.png,0.0,2
dataset/img_02570.png,0.0,2
dataset/img_02580.png,0.0,2
dataset/img_02590.png,0.0,2
dataset/img_02600.png,0.0,2
dataset/img_02610.png,0.0,2
dataset/img_02620.png,0.0,2
dataset/img_02630.png,0.0,2
dataset/img_02640.png,0.0,2
dataset/img_02650.png,0.0,2
dataset/img_02660.png,0.0,2
dataset/img_02670.png,0.0,2
dataset/img_02680.png,0.0,2
dataset/img_02690.png,0.0,2
dataset/img_02700.png,0.0,2
dataset/img_02710.png,0.0,2
dataset/img_02720.png,0.0,2
dataset/img_02730.png,0.0,2
dataset/img_02740.png,0.0,2
dataset/img_02750.png,0.0,2
dataset/img_02760.png,0.0,2
dataset/img_02770.png,0.0,2
dataset/img_02780.png,0.0,2
dataset/img_02790.png,0.0,2
dataset/img_02800.png,0.0,2
dataset/img_02810.png,0.0,2
dataset/img_02820.png,0.0,2
dataset/img_02830.png,0.0,2
dataset/img_02840.png,0.0,2
dataset/img_02850.png,0.0,2
dataset/img_02860.png,0.0,2
dataset/img_02870.png,0.0,2
dataset/img_02880.png,0.0,2
dataset/img_02890.png,0.0,2
dataset/img_02900.png,0.0,2
dataset/img_02910.png,0.0,2
dataset/img_02920.png,0.0,2
dataset/img_02930.png,0.0,2
dataset/img_02940.png,0.0,2
dataset/img_02950.png,0.0,2
dataset/img_02960.png,0.0,2
dataset/img_02970.png,0.0,2
dataset/img_02980.png,0.0,2
dataset/img_02990.png,0.0,2
dataset/img_03000.png,0.0,2
dataset/img_03010.png,0.0,2
dataset/img_03020.png,0.0,2
dataset/img_03030.png,0.0,2
dataset/img_03040.png,0.0,2
dataset/img_03050.png,0.0,2
dataset/img_03060.png,0.0,2
dataset/img_03070.png,0.0,2
dataset/img_03080.png,0.0,2
dataset/img_03090.png,0.0,2
dataset/img_03100.png,0.0,2
dataset/img_03110.png,0.0,2
dataset/img_03120.png,0.0,2
dataset/img_03130.png,0.0,2
dataset/img_00000.png,0.0,2
dataset/img_00005.png,0.0,2
dataset/img_00010.png,0.0,2
dataset/img_00015.png,0.0,2
dataset/img_00020.png,0.0,2
dataset/img_00025.png,0.0,2
dataset/img_00030.png,0.0,2
dataset/img_00035.png,0.0,2
dataset/img_00040.png,0.0,2
dataset/img_00045.png,0.0,2
dataset/img_00050.png,0.0,2
dataset/img_00055.png,0.0,2
dataset/img_00060.png,0.0,2
dataset/img_00065.png,0.0,2
dataset/img_00070.png,0.0,2
dataset/img_00075.png,0.0,2
dataset/img_00080.png,0.0,2
dataset/img_00085.png,0.0,2
dataset/img_00090.png,0.0,2
dataset/img_00095.png,0.0,2
dataset/img_00100.png,0.0,2
dataset/img_00105.png,0.0,2
dataset/img_00110.png,0.0,2
dataset/img_00115.png,0.0,2
dataset/img_00120.png,0.0,2
dataset/img_00125.png,0.0,2
dataset/img_00130.png,0.0,2
dataset/img_00135.png,0.0,2
dataset/img_00140.png,0.0,2
dataset/img_00145.png,0.0,2
dataset/img_00150.png,0.0,2
dataset/img_00155.png,0.0,2
dataset/img_00160.png,0.0,2
dataset/img_00165.png,0.0,2
dataset/img_00170.png,0.0,2
dataset/img_00175.png,0.0,2
dataset/img_00180.png,0.0,2
dataset/img_00185.png,0.0,2
dataset/img_00190.png,0.0,2
dataset/img_00195.png,0.0,2
dataset/img_00200.png,0.0,2
dataset/img_00205.png,0.0,2
dataset/img_00210.png,0.0,2
dataset/img_00215.png,0.0,2
dataset/img_00220.png,0.0,2
dataset/img_00225.png,0.0,2
dataset/img_00230.png,0.0,2
dataset/img_00235.png,0.0,2
dataset/img_00240.png,0.0,2
dataset/img_00245.png,0.0,2
dataset/img_00250.png,0.0,2
dataset/img_00255.png,0.0,2
dataset/img_00260.png,0.0,2
dataset/img_00265.png,0.0,2
dataset/img_00270.png,0.0,2
dataset/img_00275.png,0.0,2
dataset/img_00280.png,0.0,2
dataset/img_00285.png,0.0,2
dataset/img_00290.png,0.0,2
dataset/img_00295.png,0.0,2
dataset/img_00300.png,0.0,2
dataset/img_00305.png,0.0,2
dataset/img_00310.png,0.0,2
dataset/img_00315.png,0.0,2
dataset/img_00320.png,0.0,2
dataset/img_00325.png,0.0,2
dataset/img_00330.png,0.0,2
dataset/img_00335.png,0.0,2
dataset/img_00340.png,0.0,2
dataset/img_00345.png,0.0,2
dataset/img_00350.png,0.0,2
dataset/img_00355.png,0.0,2
dataset/img_00360.png,0.0,2
dataset/img_00365.png,0.0,2
dataset/img_00370.png,0.0,2
dataset/img_00375.png,0.0,2
dataset/img_00380.png,0.0,2
dataset/img_00385.png,0.0,2
dataset/img_00390.png,0.0,2
dataset/img_00395.png,0.0,2
dataset/img_00400.png,0.0,2
dataset/img_00405.png,0.0,2
dataset/img_00410.png,0.0,2
dataset/img_00415.png,0.0,2
dataset/img_00420.png,0.0,2
dataset/img_00425.png,0.0,2
dataset/img_00430.png,0.0,2
dataset/img_00435.png,0.0,2
dataset/img_00440.png,0.0,2
dataset/img_00445.png,0.0,2
dataset/img_00450.png,0.0,2
dataset/img_00455.png,0.0,2
dataset/img_00460.png,0.0,2
dataset/img_00465.png,0.0,2
dataset/img_00470.png,0.0,2
dataset/img_00475.png,0.0,2
dataset/img_00480.png,0.0,2
dataset/img_00485.png,0.0,2
dataset/img_00490.png,0.0,2
dataset/img_00495.png,0.0,2
dataset/img_00500.png,0.0,2
dataset/img_00505.png,0.0,2
dataset/img_00510.png,0.0,2
dataset/img_00515.png,0.0,2
dataset/img_00520.png,0.0,2
dataset/img_00525.png,0.0,2
dataset/img_00530.png,0.0,2
dataset/img_00535.png,0.0,2
dataset/img_00540.png,0.0,2
dataset/img_00545.png,0.0,2
dataset/img_00550.png,0.0,2
dataset/img_00555.png,0.0,2
dataset/img_00560.png,0.0,2
dataset/img_00565.png,0.0,2
dataset/img_00570.png,0.0,2
dataset/img_00575.png,0.0,2
dataset/img_00580.png,0.0,2
dataset/img_00585.png,0.0,2
dataset/img_00590.png,0.0,2
dataset/img_00595.png,0.0,2
dataset/img_00600.png,0.0,2
dataset/img_00605.png,0.0,2
dataset/img_00610.png,0.0,2
dataset/img_00615.png,0.0,2
dataset/img_00620.png,0.0,2
dataset/img_00625.png,0.0,2
dataset/img_00630.png,0.0,2
dataset/img_00635.png,0.0,2
dataset/img_00640.png,0.0,2
dataset/img_00645.png,0.0,2
dataset/img_00650.png,0.0,2
dataset/img_00655.png,0.0,2
dataset/img_00660.png,0.0,2
dataset/img_00665.png,0.0,2
dataset/img_00670.png,0.0,2
dataset/img_00675.png,0.0,2
dataset/img_00680.png,0.0,2
dataset/img_00685.png,0.0,2
dataset/img_00690.png,0.0,2
dataset/img_00695.png,0.0,2
dataset/img_00700.png,0.0,2
dataset/img_00705.png,0.0,2
dataset/img_00710.png,0.0,2
dataset/img_00715.png,0.0,2
dataset/img_00720.png,0.0,2
dataset/img_00725.png,0.0,2
dataset/img_00730.png,0.0,2
dataset/img_00735.png,0.0,2
dataset/img_00740.png,0.0,2
dataset/img_00745.png,0.0,2
dataset/img_00750.png,0.0,2
dataset/img_00755.png,0.0,2
dataset/img_00760.png,0.0,2
dataset/img_00765.png,0.0,2
dataset/img_00770.png,0.0,2
dataset/img_00775.png,0.0,2
dataset/img_00780.png,0.0,2
dataset/img_00785.png,0.0,2
dataset/img_00790.png,0.0,2
dataset/img_00795.png,0.0,2
dataset/img_00800.png,0.0,2
dataset/img_00805.png,0.0,2
dataset/img_00810.png,0.0,2
dataset/img_00815.png,0.0,2
dataset/img_00820.png,0.0,2
dataset/img_00825.png,0.0,2
dataset/img_00830.png,0.0,2
dataset/img_00835.png,0.0,2
dataset/img_00840.png,0.0,2
dataset/img_00845.png,0.0,2
dataset/img_00850.png,0.0,2
dataset/img_00855.png,0.0,2
dataset/img_00860.png,0.0,2
dataset/img_00865.png,0.0,2
dataset/img_00870.png,0.0,2
dataset/img_00875.png,0.0,2
dataset/img_00880.png,0.0,2
dataset/img_00885.png,0.0,2
dataset/img_00890.png,0.0,2
dataset/img_00895.png,0.0,2
dataset/img_00900.png,0.0,2
dataset/img_00905.png,0.0,2
dataset/img_00910.png,0.0,2
dataset/img_00915.png,0.0,2
dataset/img_00920.png,0.0,2
dataset/img_00925.png,0.0,2
dataset/img_00930.png,0.0,2
dataset/img_00935.png,0.0,2
dataset/img_00940.png,0.0,2
dataset/img_00945.png,0.0,2
dataset/img_00950.png,0.0,2
dataset/img_00955.png,0.0,2
dataset/img_00960.png,0.0,2
dataset/img_00965.png,0.0,2
dataset/img_00970.png,0.0,2
dataset/img_00975.png,0.0,2
dataset/img_00980.png,0.0,2
dataset/img_00985.png,0.0,2
dataset/img_00990.png,0.0,2
dataset/img_00995.png,0.0,2
dataset/img_01000.png,0.0,2
dataset/img_01005.png,0.0,2
dataset/img_01010.png,0.0,2
dataset/img_01015.png,0.0,2
dataset/img_01020.png,0.0,2
dataset/img_01025.png,0.0,2
dataset/img_01030.png,0.0,2
dataset/img_01035.png,0.0,2
dataset/img_01040.png,0.0,2
dataset/img_01045.png,0.0,2
dataset/img_01050.png,0.0,2
dataset/img_01055.png,0.0,2
dataset/img_01060.png,0.0,2
dataset/img_01065.png,0.0,2
dataset/img_01070.png,0.0,2
dataset/img_01075.png,0.0,2
dataset/img_01080.png,0.0,2
dataset/img_01085.png,0.0,2
dataset/img_01090.png,0.0,2
dataset/img_01095.png,0.0,2
dataset/img_01100.png,0.0,2
dataset/img_01105.png,0.0,2
dataset/img_01110.png,0.0,2
dataset/img_01115.png,0.0,2
dataset/img_01120.png,0.0,2
dataset/img_01125.png,0.0,1
dataset/img_01130.png,0.0,1
dataset/img_01135.png,0.0,1
dataset/img_01140.png,0.0,1
dataset/img_01145.png,0.0,1
dataset/img_01150.png,0.0,1
dataset/img_01155.png,0.0,1
dataset/img_01160.png,0.0,1
dataset/img_01165.png,0.0,1
dataset/img_01170.png,0.0,1
dataset/img_01175.png,0.0,1
dataset/img_01180.png,0.0,1
dataset/img_01185.png,0.0,1
dataset/img_01190.png,0.0,1
dataset/img_01195.png,0.0,3
dataset/img_01200.png,0.0,3
dataset/img_01205.png,0.0,3
dataset/img_01210.png,0.0,3
dataset/img_01215.png,0.0,3
dataset/img_01220.png,0.0,3
dataset/img_01225.png,0.0,3
dataset/img_01230.png,0.0,3
dataset/img_01235.png,0.0,3
dataset/img_01240.png,0.0,3
dataset/img_01245.png,0.0,3
dataset/img_01250.png,0.0,3
dataset/img_01255.png,0.0,3
dataset/img_01260.png,0.0,3
dataset/img_01265.png,0.0,3
dataset/img_01270.png,0.0,3
dataset/img_01275.png,0.0,3
dataset/img_01280.png,0.0,3
dataset/img_01285.png,0.0,3
dataset/img_01290.png,0.0,3
dataset/img_01295.png,0.0,3
dataset/img_01300.png,0.0,3
dataset/img_01305.png,-0.25,3
dataset/img_01310.png,-0.49999999999999994,3
dataset/img_01315.png,-0.49999999999999994,3
dataset/img_01320.png,-0.5,3
dataset/img_01325.png,-0.5,3
dataset/img_01330.png,-0.5,3
dataset/img_01335.png,-0.5,3
dataset/img_01340.png,-0.5,3
dataset/img_01345.png,-0.5,3
dataset/img_01350.png,-0.5,3
dataset/img_01355.png,-0.5,3
dataset/img_01360.png,-0.5,3
dataset/img_01365.png,-0.5,3
dataset/img_01370.png,-0.5,3
dataset/img_01375.png,-0.35000000000000003,3
dataset/img_01380.png,-0.10000000000000007,3
dataset/img_01385.png,0.09999999999999994,3
dataset/img_01390.png,0.09999999999999994,3
dataset/img_01395.png,0.09999999999999994,3
dataset/img_01400.png,0.09999999999999994,3
dataset/img_01405.png,0.09999999999999994,3
dataset/img_01410.png,0.09999999999999994,3
dataset/img_01415.png,0.09999999999999994,3
dataset/img_01420.png,0.09999999999999994,3
dataset/img_01425.png,0.09999999999999994,3
dataset/img_01430.png,0.09999999999999994,3
dataset/img_01435.png,0.09999999999999994,3
dataset/img_01440.png,0.09999999999999994,3
dataset/img_01445.png,0.09999999999999994,3
dataset/img_01450.png,0.3499999999999999,3
dataset/img_01455.png,0.5,3
dataset/img_01460.png,0.5,3
dataset/img_01465.png,0.5,3
dataset/img_01470.png,0.5,3
dataset/img_01475.png,0.5,3
dataset/img_01480.png,0.5,3
dataset/img_01485.png,0.5,3
dataset/img_01490.png,0.5,3
dataset/img_01495.png,0.5,3
dataset/img_01500.png,0.5,3
dataset/img_01505.png,0.5,3
dataset/img_01510.png,0.5,3
dataset/img_01515.png,0.5,3
dataset/img_01520.png,0.5,3
dataset/img_01525.png,0.5,3
dataset/img_01530.png,0.5,3
dataset/img_01535.png,0.5,3
dataset/img_01540.png,0.5,3
dataset/img_01545.png,0.5,3
dataset/img_01550.png,0.5,3
dataset/img_01555.png,0.5,3
dataset/img_01560.png,0.5,3
dataset/img_01565.png,0.5,3
dataset/img_01570.png,0.5,3
dataset/img_01575.png,0.5,3
dataset/img_01580.png,0.5,3
dataset/img_01585.png,0.5,3
dataset/img_01590.png,0.5,3
dataset/img_01595.png,0.5,3
dataset/img_01600.png,0.5,3
dataset/img_01605.png,0.5,3
dataset/img_01610.png,0.5,3
dataset/img_01615.png,0.5,3
dataset/img_01620.png,0.5,3
dataset/img_01625.png,0.5,3
dataset/img_01630.png,0.5,3
dataset/img_01635.png,0.35000000000000003,3
dataset/img_01640.png,0.10000000000000007,3
dataset/img_01645.png,6.938893903907228e-17,3
dataset/img_01650.png,6.938893903907228e-17,3
dataset/img_01655.png,6.938893903907228e-17,3
dataset/img_01660.png,6.938893903907228e-17,3
dataset/img_01665.png,6.938893903907228e-17,3
dataset/img_01670.png,6.938893903907228e-17,3
dataset/img_01675.png,6.938893903907228e-17,3
dataset/img_01680.png,6.938893903907228e-17,3
dataset/img_01685.png,-0.14999999999999994,3
dataset/img_01690.png,-0.3999999999999999,3
dataset/img_01695.png,-0.5,3
dataset/img_01700.png,-0.5,3
dataset/img_01705.png,-0.5,3
dataset/img_01710.png,-0.5,3
dataset/img_01715.png,-0.5,3
dataset/img_01720.png,-0.5,3
dataset/img_01725.png,-0.5,3
dataset/img_01730.png,-0.5,3
dataset/img_01735.png,-0.5,3
dataset/img_01740.png,-0.5,3
dataset/img_01745.png,-0.5,3
dataset/img_01750.png,-0.5,3
dataset/img_01755.png,-0.5,3
dataset/img_01760.png,-0.5,3
dataset/img_01765.png,-0.5,3
dataset/img_01770.png,-0.5,3
dataset/img_01775.png,-0.5,3
dataset/img_01780.png,-0.5,3
dataset/img_01785.png,-0.5,3
dataset/img_01790.png,-0.5,3
dataset/img_01795.png,-0.5,3
dataset/img_01800.png,-0.5,3
dataset/img_01805.png,-0.5,3
dataset/img_01810.png,-0.5,3
dataset/img_01815.png,-0.5,3
dataset/img_01820.png,-0.5,3
dataset/img_01825.png,-0.5,3
dataset/img_01830.png,-0.5,3
dataset/img_01835.png,-0.5,3
dataset/img_01840.png,-0.5,3
dataset/img_01845.png,-0.5,3
dataset/img_01850.png,-0.5,3
dataset/img_01855.png,0.0,3
dataset/img_01860.png,0.0,3
dataset/img_01865.png,0.0,3
dataset/img_01870.png,0.0,3
dataset/img_01875.png,0.0,3
dataset/img_01880.png,0.0,3
dataset/img_01885.png,0.0,3
dataset/img_01890.png,0.0,3
dataset/img_01895.png,0.0,3
dataset/img_01900.png,0.0,3
dataset/img_01905.png,0.0,3
dataset/img_01910.png,0.0,3
dataset/img_01915.png,0.0,3
dataset/img_01920.png,0.0,3
dataset/img_01925.png,0.0,3
dataset/img_01930.png,0.0,3
dataset/img_01935.png,0.0,3
dataset/img_01940.png,0.0,3
dataset/img_01945.png,0.0,3
dataset/img_01950.png,0.0,3
dataset/img_01955.png,0.0,3
dataset/img_01960.png,0.0,3
dataset/img_01965.png,0.0,3
dataset/img_01970.png,0.0,3
dataset/img_01975.png,0.0,3
dataset/img_01980.png,0.0,3
dataset/img_01985.png,0.0,3
dataset/img_01990.png,0.0,3
dataset/img_01995.png,0.0,3
dataset/img_02000.png,0.0,3
dataset/img_02005.png,0.0,3
dataset/img_02010.png,0.0,3
dataset/img_02015.png,0.0,3
dataset/img_02020.png,0.25,3
dataset/img_02025.png,0.35,3
dataset/img_02030.png,0.35,3
dataset/img_02035.png,0.35,3
dataset/img_02040.png,0.35,3
dataset/img_02045.png,0.35,3
dataset/img_02050.png,0.35,3
dataset/img_02055.png,0.35,3
dataset/img_02060.png,0.35,3
dataset/img_02065.png,0.35,3
dataset/img_02070.png,0.35,3
dataset/img_02075.png,0.35,3
dataset/img_02080.png,0.35,3
dataset/img_02085.png,0.35,3
dataset/img_02090.png,0.35,3
dataset/img_02095.png,0.35,3
dataset/img_02100.png,0.35,3
dataset/img_02105.png,0.35,3
dataset/img_02110.png,0.35,3
dataset/img_02115.png,0.35,3
dataset/img_02120.png,0.35,3
dataset/img_02125.png,0.35,3
dataset/img_02130.png,0.15000000000000002,3
dataset/img_02135.png,0.05000000000000002,3
dataset/img_02140.png,0.05000000000000002,3
dataset/img_02145.png,0.05000000000000002,3
dataset/img_02150.png,0.05000000000000002,3
dataset/img_02155.png,0.05000000000000002,3
dataset/img_02160.png,0.05000000000000002,3
dataset/img_02165.png,0.05000000000000002,3
dataset/img_02170.png,0.05000000000000002,3
dataset/img_02175.png,0.05000000000000002,3
dataset/img_02180.png,0.05000000000000002,3
dataset/img_02185.png,0.0,3
dataset/img_02190.png,0.0,3
dataset/img_02195.png,0.0,3
dataset/img_02200.png,0.0,3
dataset/img_02205.png,0.0,3
dataset/img_02210.png,0.0,3
dataset/img_02215.png,0.0,3
dataset/img_02220.png,0.0,3
dataset/img_02225.png,0.0,3
dataset/img_02230.png,-0.05,3
dataset/img_02235.png,-0.3,3
dataset/img_02240.png,-0.5,3
dataset/img_02245.png,-0.5,3
dataset/img_02250.png,-0.5,3
dataset/img_02255.png,-0.5,3
dataset/img_02260.png,-0.5,3
dataset/img_02265.png,-0.5,3
dataset/img_02270.png,-0.5,3
dataset/img_02275.png,-0.5,3
dataset/img_02280.png,-0.5,3
dataset/img_02285.png,-0.5,3
dataset/img_02290.png,-0.5,3
dataset/img_02295.png,-0.5,3
dataset/img_02300.png,-0.5,3
dataset/img_02305.png,-0.5,3
dataset/img_02310.png,-0.5,3
dataset/img_02315.png,-0.5,3
dataset/img_02320.png,-0.5,3
dataset/img_02325.png,-0.5,3
dataset/img_02330.png,-0.5,3
dataset/img_02335.png,-0.5,3
dataset/img_02340.png,-0.5,3
dataset/img_02345.png,-0.5,3
dataset/img_02350.png,0.0,3
dataset/img_02355.png,0.0,3
dataset/img_02360.png,0.0,3
dataset/img_02365.png,0.0,3
dataset/img_02370.png,0.0,3
dataset/img_02375.png,0.0,3
dataset/img_02380.png,0.0,3
dataset/img_02385.png,0.0,3
dataset/img_02390.png,0.0,3
dataset/img_02395.png,0.2,3
dataset/img_02400.png,0.39999999999999997,3
dataset/img_02405.png,0.39999999999999997,3
dataset/img_02410.png,0.39999999999999997,3
dataset/img_02415.png,0.39999999999999997,3
dataset/img_02420.png,0.39999999999999997,3
dataset/img_02425.png,0.39999999999999997,3
dataset/img_02430.png,0.39999999999999997,3
dataset/img_02435.png,0.39999999999999997,3
dataset/img_02440.png,0.0,3
dataset/img_02445.png,0.0,3
dataset/img_02450.png,0.0,3
dataset/img_02455.png,0.0,3
dataset/img_02460.png,0.0,3
dataset/img_02465.png,0.0,3
dataset/img_02470.png,0.0,3
dataset/img_02475.png,0.0,3
dataset/img_02480.png,0.0,3
dataset/img_02485.png,0.0,3
dataset/img_02490.png,0.0,3
dataset/img_02495.png,0.0,3
dataset/img_02500.png,0.0,3
dataset/img_02505.png,0.0,3
dataset/img_02510.png,0.0,3
dataset/img_02515.png,0.0,3
dataset/img_02520.png,0.0,3
dataset/img_02525.png,0.0,3
dataset/img_02530.png,0.0,3
dataset/img_02535.png,0.0,3
dataset/img_02540.png,0.0,3
dataset/img_02545.png,0.0,3
dataset/img_02550.png,0.25,3
dataset/img_02555.png,0.49999999999999994,3
dataset/img_02560.png,0.5,3
dataset/img_02565.png,0.5,3
dataset/img_02570.png,0.5,3
dataset/img_02575.png,0.5,3
dataset/img_02580.png,0.5,3
dataset/img_02585.png,0.5,3
dataset/img_02590.png,0.0,3
dataset/img_02595.png,0.0,3
dataset/img_02600.png,0.0,3
dataset/img_02605.png,0.0,3
dataset/img_02610.png,0.0,3
dataset/img_02615.png,-0.25,3
dataset/img_02620.png,-0.49999999999999994,3
dataset/img_02625.png,-0.5,3
dataset/img_02630.png,-0.5,3
dataset/img_02635.png,-0.5,3
dataset/img_02640.png,-0.5,3
dataset/img_02645.png,-0.5,3
dataset/img_02650.png,-0.5,3
dataset/img_02655.png,-0.5,3
dataset/img_02660.png,-0.5,3
dataset/img_02665.png,-0.5,3
dataset/img_02670.png,-0.5,3
dataset/img_02675.png,-0.5,3
dataset/img_02680.png,-0.30000000000000004,3
dataset/img_02685.png,-0.05000000000000007,3
dataset/img_02690.png,-6.938893903907228e-17,3
dataset/img_02695.png,-6.938893903907228e-17,3
dataset/img_02700.png,-6.938893903907228e-17,3
dataset/img_02705.png,-6.938893903907228e-17,3
dataset/img_02710.png,-6.938893903907228e-17,3
dataset/img_02715.png,-6.938893903907228e-17,3
dataset/img_02720.png,-6.938893903907228e-17,3
dataset/img_02725.png,-6.938893903907228e-17,3
dataset/img_02730.png,0.19999999999999996,3
dataset/img_02735.png,0.4499999999999999,3
dataset/img_02740.png,0.5,3
dataset/img_02745.png,0.5,3
dataset/img_02750.png,0.5,3
dataset/img_02755.png,0.5,3
dataset/img_02760.png,0.5,3
dataset/img_02765.png,0.5,3
dataset/img_02770.png,0.5,3
dataset/img_02775.png,0.5,3
dataset/img_02780.png,0.4,3
dataset/img_02785.png,0.15000000000000008,3
dataset/img_02790.png,-0.09999999999999994,3
dataset/img_02795.png,-0.3499999999999999,3
dataset/img_02800.png,-0.5,3
dataset/img_02805.png,-0.5,3
dataset/img_02810.png,-0.5,3
dataset/img_02815.png,-0.5,3
dataset/img_02820.png,-0.5,3
dataset/img_02825.png,-0.5,3
dataset/img_02830.png,-0.5,3
dataset/img_02835.png,-0.5,3
dataset/img_02840.png,-0.5,3
dataset/img_02845.png,-0.5,3
dataset/img_02850.png,-0.5,3
dataset/img_02855.png,-0.5,3
dataset/img_02860.png,-0.5,3
dataset/img_02865.png,-0.5,3
dataset/img_02870.png,-0.5,3
dataset/img_02875.png,-0.5,3
dataset/img_02880.png,-0.30000000000000004,3
dataset/img_02885.png,-0.05000000000000007,3
dataset/img_02890.png,-0.05000000000000007,3
dataset/img_02895.png,-0.05000000000000007,3
dataset/img_02900.png,-0.05000000000000007,3
dataset/img_02905.png,-0.05000000000000007,3
dataset/img_02910.png,-0.05000000000000007,3
dataset/img_02915.png,-0.05000000000000007,3
dataset/img_02920.png,-0.05000000000000007,3
dataset/img_02925.png,0.04999999999999993,3
dataset/img_02930.png,0.29999999999999993,3
dataset/img_02935.png,0.5,3
dataset/img_02940.png,0.5,3
dataset/img_02945.png,0.5,3
dataset/img_02950.png,0.5,3
dataset/img_02955.png,0.5,3
dataset/img_02960.png,0.5,3
dataset/img_02965.png,0.5,3
dataset/img_02970.png,0.5,3
dataset/img_02975.png,0.5,3
dataset/img_02980.png,0.5,3
dataset/img_02985.png,0.5,3
dataset/img_02990.png,0.5,3
dataset/img_02995.png,0.5,3
dataset/img_03000.png,0.5,3
dataset/img_03005.png,0.5,3
dataset/img_03010.png,0.5,3
dataset/img_03015.png,0.5,3
dataset/img_03020.png,0.45,3
dataset/img_03025.png,0.20000000000000007,3
dataset/img_03030.png,-0.04999999999999993,3
dataset/img_03035.png,-0.29999999999999993,3
dataset/img_03040.png,-0.5,3
dataset/img_03045.png,-0.5,3
dataset/img_03050.png,-0.5,3
dataset/img_03055.png,-0.5,3
dataset/img_03060.png,-0.5,3
dataset/img_03065.png,-0.5,3
dataset/img_03070.png,-0.5,3
dataset/img_03075.png,-0.5,3
dataset/img_03080.png,-0.5,3
dataset/img_03085.png,-0.5,3
dataset/img_03090.png,-0.5,3
dataset/img_03095.png,-0.5,3
dataset/img_03100.png,-0.5,3
dataset/img_03105.png,-0.5,3
dataset/img_03110.png,-0.5,3
dataset/img_03115.png,-0.5,3
dataset/img_03120.png,-0.5,3
dataset/img_03125.png,-0.5,3
dataset/img_03130.png,-0.5,3
dataset/img_03135.png,-0.5,3
dataset/img_03140.png,-0.5,3
dataset/img_03145.png,-0.5,3
dataset/img_03150.png,-0.5,3
dataset/img_03155.png,-0.5,3
dataset/img_03160.png,-0.30000000000000004,3
dataset/img_03165.png,-0.05000000000000007,3
dataset/img_03170.png,-0.05000000000000007,3
dataset/img_03175.png,-0.05000000000000007,3
dataset/img_03180.png,-0.05000000000000007,3
dataset/img_03185.png,-0.05000000000000007,3
dataset/img_03190.png,-0.05000000000000007,3
dataset/img_03195.png,-0.05000000000000007,3
dataset/img_03200.png,-0.05000000000000007,3
dataset/img_03205.png,-0.05000000000000007,3
dataset/img_03210.png,-0.05000000000000007,3
dataset/img_03215.png,-0.05000000000000007,3
dataset/img_03220.png,-0.05000000000000007,3
dataset/img_03225.png,-0.05000000000000007,3
dataset/img_03230.png,-0.05000000000000007,3
dataset/img_03235.png,0.19999999999999996,3
dataset/img_03240.png,0.3999999999999999,3
dataset/img_03245.png,0.3999999999999999,3
dataset/img_03250.png,0.3999999999999999,3
dataset/img_03255.png,0.3999999999999999,3
dataset/img_03260.png,0.3999999999999999,3
dataset/img_03265.png,0.3999999999999999,3
dataset/img_03270.png,0.3999999999999999,3
dataset/img_03275.png,0.3999999999999999,3
dataset/img_03280.png,0.3999999999999999,3
dataset/img_03285.png,0.0,3
dataset/img_03290.png,0.0,3
dataset/img_03295.png,0.0,3
dataset/img_03300.png,0.0,3
dataset/img_03305.png,0.0,3
dataset/img_03310.png,0.0,3
dataset/img_03315.png,0.0,3
dataset/img_03320.png,0.0,3
dataset/img_03325.png,0.0,3
dataset/img_03330.png,0.0,3
dataset/img_03335.png,0.0,3
dataset/img_03340.png,0.0,3
dataset/img_03345.png,0.0,3
dataset/img_03350.png,0.0,3
dataset/img_03355.png,0.0,3
dataset/img_03360.png,0.0,3
dataset/img_03365.png,0.0,3
dataset/img_03370.png,0.0,3
dataset/img_03375.png,0.0,3
dataset/img_03380.png,0.0,3
dataset/img_03385.png,0.0,3
dataset/img_03390.png,0.0,3
dataset/img_03395.png,0.0,3
dataset/img_03400.png,0.0,3
dataset/img_03405.png,0.0,3
dataset/img_03410.png,0.0,3
dataset/img_03415.png,0.0,3
dataset/img_03420.png,0.0,3
dataset/img_03425.png,0.0,3
dataset/img_03430.png,0.0,3
dataset/img_03435.png,0.0,3
dataset/img_03440.png,0.0,3
dataset/img_03445.png,0.0,3
dataset/img_03450.png,0.0,3
dataset/img_03455.png,0.0,3
dataset/img_03460.png,0.0,3
dataset/img_03465.png,0.0,3
dataset/img_03470.png,0.0,3
dataset/img_03475.png,0.0,3
dataset/img_03480.png,0.0,3
dataset/img_03485.png,0.0,3
dataset/img_03490.png,0.0,3
dataset/img_03495.png,0.0,3
dataset/img_03500.png,0.0,3
dataset/img_03505.png,0.0,3
dataset/img_03510.png,0.0,3
dataset/img_03515.png,0.0,3
dataset/img_03520.png,0.0,3
dataset/img_03525.png,0.0,3
dataset/img_03530.png,0.0,3
dataset/img_03535.png,0.0,3
dataset/img_03540.png,0.0,3
dataset/img_03545.png,0.0,3
dataset/img_03550.png,0.0,3
dataset/img_03555.png,0.0,3
dataset/img_03560.png,0.0,3
dataset/img_03565.png,0.0,3
dataset/img_03570.png,0.0,3
dataset/img_03575.png,0.0,3
dataset/img_03580.png,0.0,3
dataset/img_03585.png,0.0,3
dataset/img_03590.png,0.0,3
dataset/img_03595.png,0.0,3
dataset/img_03600.png,0.0,3
dataset/img_03605.png,0.0,3
dataset/img_03610.png,0.0,3
dataset/img_03615.png,0.0,3
dataset/img_03620.png,0.0,3
dataset/img_03625.png,0.0,3
dataset/img_03630.png,0.0,3
dataset/img_03635.png,0.0,3
dataset/img_03640.png,0.0,3
dataset/img_03645.png,0.0,3
dataset/img_03650.png,0.0,3
dataset/img_03655.png,0.0,3
dataset/img_03660.png,0.0,3
dataset/img_03665.png,0.0,3
dataset/img_03670.png,0.0,3
dataset/img_03675.png,0.0,3
dataset/img_03680.png,0.0,3
dataset/img_03685.png,0.0,3
dataset/img_03690.png,0.0,3
dataset/img_03695.png,0.0,3
dataset/img_03700.png,0.0,3
dataset/img_03705.png,0.0,3
dataset/img_03710.png,0.0,3
dataset/img_03715.png,0.0,3
dataset/img_03720.png,0.0,3
dataset/img_03725.png,0.0,3
dataset/img_03730.png,0.0,3
dataset/img_03735.png,0.0,3
dataset/img_03740.png,0.0,3
dataset/img_03745.png,0.0,3
dataset/img_03750.png,0.0,3
dataset/img_03755.png,0.0,3
dataset/img_03760.png,0.0,3
dataset/img_03765.png,0.0,3
dataset/img_03770.png,0.0,3
dataset/img_03775.png,0.0,3
dataset/img_03780.png,-0.2,3
dataset/img_03785.png,-0.44999999999999996,3
dataset/img_03790.png,-0.49999999999999994,3
dataset/img_03795.png,-0.49999999999999994,3
dataset/img_03800.png,-0.49999999999999994,3
dataset/img_03805.png,-0.49999999999999994,3
dataset/img_03810.png,-0.49999999999999994,3
dataset/img_03815.png,0.0,3
dataset/img_03820.png,0.0,3
dataset/img_03825.png,0.0,3
dataset/img_03830.png,0.0,3
dataset/img_03835.png,0.0,3
dataset/img_03840.png,0.0,3
dataset/img_03845.png,0.0,3
dataset/img_03850.png,0.0,3
dataset/img_03855.png,0.0,3
dataset/img_03860.png,0.0,3
dataset/img_03865.png,0.0,3
dataset/img_03870.png,0.0,3
dataset/img_03875.png,0.0,3
dataset/img_03880.png,0.25,3
dataset/img_03885.png,0.49999999999999994,3
dataset/img_03890.png,0.5,3
dataset/img_03895.png,0.5,3
dataset/img_03900.png,0.5,3
dataset/img_03905.png,0.5,3
dataset/img_03910.png,0.5,3
dataset/img_03915.png,0.0,3
dataset/img_03920.png,0.0,3
dataset/img_03925.png,0.0,3
dataset/img_03930.png,0.0,3
dataset/img_03935.png,0.0,3
dataset/img_03940.png,0.0,3
dataset/img_03945.png,0.0,3
dataset/img_03950.png,0.0,3
dataset/img_03955.png,0.0,3
dataset/img_03960.png,0.0,3
dataset/img_03965.png,0.0,3
dataset/img_03970.png,0.0,3
dataset/img_03975.png,0.0,3
dataset/img_03980.png,0.0,3
dataset/img_03985.png,0.0,3
dataset/img_03990.png,0.0,3
dataset/img_03995.png,0.0,3
dataset/img_04000.png,0.0,3
dataset/img_04005.png,0.0,3
dataset/img_04010.png,0.0,3
dataset/img_04015.png,0.0,3
dataset/img_04020.png,0.0,3
dataset/img_04025.png,0.0,3
dataset/img_04030.png,0.0,3
dataset/img_04035.png,0.0,3
dataset/img_04040.png,0.0,3
dataset/img_04045.png,0.0,3
dataset/img_04050.png,0.0,3
dataset/img_04055.png,0.0,3
dataset/img_04060.png,0.0,3
dataset/img_04065.png,0.0,3
dataset/img_04070.png,0.0,3
dataset/img_04075.png,0.0,3
dataset/img_04080.png,-0.2,3
dataset/img_04085.png,-0.3,3
dataset/img_04090.png,-0.3,3
dataset/img_04095.png,-0.3,3
dataset/img_04100.png,-0.3,3
dataset/img_04105.png,-0.3,3
dataset/img_04110.png,-0.3,3
dataset/img_04115.png,-0.3,3
dataset/img_04120.png,-0.3,3
dataset/img_04125.png,-0.3,3
dataset/img_04130.png,-0.3,3
dataset/img_04135.png,-0.3,3
dataset/img_04140.png,-0.3,3
dataset/img_04145.png,-0.3,3
dataset/img_04150.png,-0.3,3
dataset/img_04155.png,-0.3,3
dataset/img_04160.png,-0.3,3
dataset/img_04165.png,-0.3,3
dataset/img_04170.png,-0.3,3
dataset/img_04175.png,-0.3,3
dataset/img_04180.png,-0.3,3
dataset/img_04185.png,-0.3,3
dataset/img_04190.png,-0.3,3
dataset/img_04195.png,-0.3,3
dataset/img_04200.png,-0.25,3
dataset/img_04205.png,-1.3877787807814457e-17,3
dataset/img_04210.png,0.25,3
dataset/img_04215.png,0.49999999999999994,3
dataset/img_04220.png,0.5,3
dataset/img_04225.png,0.5,3
dataset/img_04230.png,0.5,3
dataset/img_04235.png,0.5,3
dataset/img_04240.png,0.5,3
dataset/img_04245.png,0.5,3
dataset/img_04250.png,0.5,3
dataset/img_04255.png,0.5,3
dataset/img_04260.png,0.5,3
dataset/img_04265.png,0.0,3
dataset/img_04270.png,0.0,3
dataset/img_04275.png,0.0,3
dataset/img_04280.png,0.0,3
dataset/img_04285.png,0.0,3
dataset/img_04290.png,0.0,3
dataset/img_04295.png,0.0,3
dataset/img_04300.png,0.0,3
dataset/img_04305.png,0.0,3
dataset/img_04310.png,0.0,3
dataset/img_04315.png,0.0,3
dataset/img_04320.png,0.0,3
dataset/img_04325.png,0.0,3
dataset/img_04330.png,0.0,3
dataset/img_04335.png,0.0,3
dataset/img_04340.png,0.0,3
dataset/img_04345.png,0.0,3
dataset/img_04350.png,0.0,3
dataset/img_04355.png,0.0,3
dataset/img_04360.png,0.0,3
dataset/img_04365.png,0.0,3
dataset/img_04370.png,0.0,3
dataset/img_04375.png,0.0,3
dataset/img_04380.png,0.0,3
dataset/img_04385.png,0.0,3
dataset/img_04390.png,0.0,3
dataset/img_04395.png,0.0,3
dataset/img_04400.png,0.0,3
dataset/img_04405.png,0.0,3
dataset/img_04410.png,0.0,3
dataset/img_04415.png,0.0,3
dataset/img_04420.png,0.0,3
dataset/img_04425.png,0.0,3
dataset/img_04430.png,0.0,3
dataset/img_04435.png,0.0,3
dataset/img_04440.png,0.0,3
dataset/img_04445.png,0.0,3
dataset/img_04450.png,0.0,3
dataset/img_04455.png,0.0,3
dataset/img_04460.png,0.0,3
dataset/img_04465.png,0.0,3
dataset/img_04470.png,0.0,3
dataset/img_04475.png,0.0,3
dataset/img_04480.png,0.0,3
dataset/img_04485.png,0.0,3
dataset/img_04490.png,0.0,3
dataset/img_04495.png,0.0,3
dataset/img_04500.png,0.0,3
dataset/img_04505.png,0.0,3
dataset/img_04510.png,0.0,3
dataset/img_04515.png,0.0,3
dataset/img_04520.png,0.0,3
dataset/img_04525.png,0.0,3
dataset/img_04530.png,0.0,3
dataset/img_04535.png,0.0,3
dataset/img_04540.png,0.0,3
dataset/img_04545.png,0.0,3
dataset/img_04550.png,0.0,3
dataset/img_04555.png,0.0,3
dataset/img_04560.png,0.0,3
dataset/img_04565.png,0.0,3
dataset/img_04570.png,0.0,3
dataset/img_04575.png,0.0,3
dataset/img_04580.png,0.0,3
dataset/img_04585.png,0.0,3
dataset/img_04590.png,0.0,3
dataset/img_04595.png,0.0,3
dataset/img_04600.png,0.0,3
dataset/img_04605.png,0.0,3
dataset/img_04610.png,0.0,3
dataset/img_04615.png,0.0,3
dataset/img_04620.png,0.0,3
dataset/img_04625.png,0.0,3
dataset/img_04630.png,0.0,3
dataset/img_04635.png,0.0,3
dataset/img_04640.png,0.0,3
dataset/img_04645.png,0.0,3
dataset/img_04650.png,0.0,3
dataset/img_04655.png,0.0,3
dataset/img_04660.png,0.0,3
dataset/img_04665.png,0.0,3
dataset/img_04670.png,0.0,3
dataset/img_04675.png,0.0,3
dataset/img_04680.png,0.0,3
dataset/img_04685.png,0.0,3
dataset/img_04690.png,0.0,3
dataset/img_04695.png,0.0,3
dataset/img_04700.png,0.0,3
dataset/img_04705.png,0.0,3
dataset/img_04710.png,0.0,3
dataset/img_04715.png,0.0,3
dataset/img_04720.png,0.0,3
dataset/img_04725.png,0.0,3
dataset/img_04730.png,0.0,3
dataset/img_04735.png,0.0,3
dataset/img_04740.png,0.0,3
dataset/img_04745.png,0.0,3
dataset/img_04750.png,0.0,3
dataset/img_04755.png,0.0,3
dataset/img_04760.png,0.0,3
dataset/img_04765.png,0.0,3
dataset/img_04770.png,0.0,3
dataset/img_04775.png,0.0,3
dataset/img_04780.png,0.0,3
dataset/img_04785.png,0.0,3
dataset/img_04790.png,0.0,3
dataset/img_04795.png,0.0,3
dataset/img_04800.png,0.0,3
dataset/img_04805.png,0.0,3
dataset/img_04810.png,0.0,3
dataset/img_04815.png,0.0,3
dataset/img_04820.png,0.0,3
dataset/img_04825.png,0.0,3
dataset/img_04830.png,0.0,3
dataset/img_04835.png,0.0,3
dataset/img_04840.png,0.0,3
dataset/img_04845.png,0.0,3
dataset/img_04850.png,0.0,3
dataset/img_04855.png,0.0,3
dataset/img_04860.png,0.0,3
dataset/img_04865.png,0.0,3
dataset/img_04870.png,0.0,3
dataset/img_04875.png,0.0,3
dataset/img_04880.png,0.0,3
dataset/img_04885.png,0.0,3
dataset/img_04890.png,0.0,3
dataset/img_04895.png,0.0,3
dataset/img_04900.png,0.0,3
dataset/img_04905.png,0.0,3
dataset/img_04910.png,0.0,3
dataset/img_04915.png,0.0,3
dataset/img_04920.png,0.0,3
dataset/img_04925.png,0.0,3
dataset/img_04930.png,0.0,3
dataset/img_04935.png,0.0,3
dataset/img_04940.png,0.0,3
dataset/img_04945.png,0.0,3
dataset/img_04950.png,0.0,3
dataset/img_04955.png,0.0,3
dataset/img_04960.png,0.0,3
dataset/img_04965.png,0.0,3
dataset/img_04970.png,0.0,3
dataset/img_04975.png,0.0,3
dataset/img_04980.png,0.0,3
dataset/img_04985.png,0.0,3
dataset/img_04990.png,0.0,3
dataset/img_04995.png,0.0,3
dataset/img_05000.png,0.0,3
dataset/img_05005.png,0.0,3
dataset/img_05010.png,0.0,3
dataset/img_05015.png,0.0,3
dataset/img_05020.png,0.0,3
dataset/img_05025.png,0.0,3
dataset/img_05030.png,0.0,3
dataset/img_05035.png,0.0,3
dataset/img_05040.png,0.0,3
dataset/img_05045.png,0.0,3
dataset/img_05050.png,0.0,3
dataset/img_05055.png,0.2,3
dataset/img_05060.png,0.44999999999999996,3
dataset/img_05065.png,0.5,3
dataset/img_05070.png,0.5,3
dataset/img_05075.png,0.5,3
dataset/img_05080.png,0.5,3
dataset/img_05085.png,0.5,3
dataset/img_05090.png,0.5,3
dataset/img_05095.png,0.5,3
dataset/img_05100.png,0.25000000000000006,3
dataset/img_05105.png,6.938893903907228e-17,3
dataset/img_05110.png,-0.04999999999999993,3
dataset/img_05115.png,-0.04999999999999993,3
dataset/img_05120.png,-0.04999999999999993,3
dataset/img_05125.png,-0.04999999999999993,3
dataset/img_05130.png,-0.04999999999999993,3
dataset/img_05135.png,-0.04999999999999993,3
dataset/img_05140.png,-0.04999999999999993,3
dataset/img_05145.png,-0.04999999999999993,3
dataset/img_05150.png,-0.04999999999999993,3
dataset/img_05155.png,-0.04999999999999993,3
dataset/img_05160.png,-0.04999999999999993,3
dataset/img_05165.png,-0.04999999999999993,3
dataset/img_05170.png,-0.04999999999999993,3
dataset/img_05175.png,-0.04999999999999993,3
dataset/img_05180.png,-0.04999999999999993,3
dataset/img_05185.png,-0.04999999999999993,3
dataset/img_05190.png,-0.04999999999999993,3
dataset/img_05195.png,-0.04999999999999993,3
dataset/img_05200.png,-0.04999999999999993,3
dataset/img_05205.png,-0.04999999999999993,3
dataset/img_05210.png,-0.04999999999999993,3
dataset/img_05215.png,-0.04999999999999993,3
dataset/img_05220.png,-0.04999999999999993,3
dataset/img_05225.png,-0.04999999999999993,3
dataset/img_05230.png,-0.04999999999999993,3
dataset/img_05235.png,-0.04999999999999993,3
dataset/img_05240.png,-0.04999999999999993,3
dataset/img_05245.png,-0.04999999999999993,3
dataset/img_05250.png,-0.04999999999999993,3
dataset/img_05255.png,-0.04999999999999993,3
dataset/img_05260.png,-0.04999999999999993,3
dataset/img_05265.png,-0.04999999999999993,3
dataset/img_05270.png,-0.04999999999999993,3
dataset/img_05275.png,-0.04999999999999993,3
dataset/img_05280.png,-0.04999999999999993,3
dataset/img_05285.png,-0.04999999999999993,3
dataset/img_05290.png,-0.04999999999999993,3
dataset/img_05295.png,-0.04999999999999993,3
dataset/img_05300.png,-0.04999999999999993,3
dataset/img_05305.png,-0.04999999999999993,3
dataset/img_05310.png,-0.04999999999999993,3
dataset/img_05315.png,-0.04999999999999993,3
dataset/img_05320.png,-0.04999999999999993,3
dataset/img_05325.png,-0.04999999999999993,3
dataset/img_05330.png,-0.04999999999999993,3
dataset/img_05335.png,-0.04999999999999993,3
dataset/img_05340.png,-0.04999999999999993,3
dataset/img_05345.png,-0.04999999999999993,3
dataset/img_05350.png,-0.04999999999999993,3
dataset/img_05355.png,-0.04999999999999993,3
dataset/img_05360.png,-0.04999999999999993,3
dataset/img_05365.png,-0.04999999999999993,3
dataset/img_05370.png,-0.04999999999999993,3
dataset/img_05375.png,-0.04999999999999993,3
dataset/img_05380.png,-0.04999999999999993,3
dataset/img_05385.png,-0.04999999999999993,3
dataset/img_05390.png,-0.04999999999999993,3
dataset/img_05395.png,-0.04999999999999993,3
dataset/img_05400.png,-0.04999999999999993,3
dataset/img_05405.png,-0.04999999999999993,3
dataset/img_05410.png,-0.04999999999999993,3
dataset/img_05415.png,-0.04999999999999993,3
dataset/img_05420.png,-0.04999999999999993,3
dataset/img_05425.png,-0.04999999999999993,3
dataset/img_05430.png,-0.04999999999999993,3
dataset/img_05435.png,-0.04999999999999993,3
dataset/img_05440.png,-0.04999999999999993,3
dataset/img_05445.png,-0.04999999999999993,3
dataset/img_05450.png,-0.04999999999999993,3
dataset/img_05455.png,-0.04999999999999993,3
dataset/img_05460.png,-0.04999999999999993,3
dataset/img_05465.png,-0.04999999999999993,3
dataset/img_05470.png,-0.04999999999999993,3
dataset/img_05475.png,-0.04999999999999993,3
dataset/img_05480.png,-0.04999999999999993,3
dataset/img_05485.png,-0.04999999999999993,3
dataset/img_05490.png,-0.04999999999999993,3
dataset/img_05495.png,-0.04999999999999993,3
dataset/img_05500.png,-0.04999999999999993,3
dataset/img_05505.png,-0.04999999999999993,3
dataset/img_05510.png,-0.04999999999999993,3
dataset/img_05515.png,-0.04999999999999993,3
dataset/img_05520.png,-0.04999999999999993,3
dataset/img_05525.png,-0.04999999999999993,3
dataset/img_05530.png,-0.04999999999999993,3
dataset/img_05535.png,-0.04999999999999993,3
dataset/img_05540.png,-0.04999999999999993,3
dataset/img_05545.png,-0.04999999999999993,3
dataset/img_05550.png,-0.04999999999999993,3
dataset/img_05555.png,-0.04999999999999993,3
dataset/img_05560.png,-0.04999999999999993,3
dataset/img_05565.png,-0.04999999999999993,3
dataset/img_05570.png,-0.04999999999999993,3
dataset/img_05575.png,0.05000000000000007,3
dataset/img_05580.png,0.30000000000000004,3
dataset/img_05585.png,0.35000000000000003,3
dataset/img_05590.png,0.35000000000000003,3
dataset/img_05595.png,0.35000000000000003,3
dataset/img_05600.png,0.35000000000000003,3
dataset/img_05605.png,0.35000000000000003,3
dataset/img_05610.png,0.10000000000000007,3
dataset/img_05615.png,-0.14999999999999994,3
dataset/img_05620.png,-0.14999999999999994,3
dataset/img_05625.png,-0.14999999999999994,3
dataset/img_05630.png,-0.14999999999999994,3
dataset/img_05635.png,-0.14999999999999994,3
dataset/img_05640.png,-0.14999999999999994,3
dataset/img_05645.png,-0.14999999999999994,3
dataset/img_05650.png,-0.14999999999999994,3
dataset/img_05655.png,-0.14999999999999994,3
dataset/img_05660.png,-0.14999999999999994,3
dataset/img_05665.png,-0.14999999999999994,3
dataset/img_05670.png,-0.14999999999999994,3
dataset/img_05675.png,0.0,3
dataset/img_05680.png,0.0,3
dataset/img_05685.png,0.0,3
dataset/img_05690.png,0.0,3
dataset/img_05695.png,0.0,3
dataset/img_05700.png,0.0,3
dataset/img_05705.png,0.0,3
dataset/img_05710.png,0.0,3
dataset/img_05715.png,0.0,3
dataset/img_05720.png,0.0,3
dataset/img_05725.png,0.0,3
dataset/img_05730.png,0.0,3
dataset/img_05735.png,0.0,3
dataset/img_05740.png,0.0,3
dataset/img_05745.png,0.0,3
dataset/img_05750.png,0.0,3
dataset/img_05755.png,0.0,3
dataset/img_05760.png,0.0,3
dataset/img_05765.png,0.0,3
dataset/img_05770.png,0.0,3
dataset/img_05775.png,0.0,3
dataset/img_05780.png,0.0,3
dataset/img_05785.png,0.0,3
dataset/img_05790.png,0.0,3
dataset/img_05795.png,0.0,3
dataset/img_05800.png,0.0,3
dataset/img_05805.png,0.0,3
dataset/img_05810.png,0.0,3
dataset/img_05815.png,0.0,3
dataset/img_05820.png,0.0,3
dataset/img_05825.png,0.0,3
dataset/img_05830.png,0.0,3
dataset/img_05835.png,0.0,3
dataset/img_05840.png,0.0,3
dataset/img_05845.png,0.0,3
dataset/img_05850.png,0.0,3
dataset/img_05855.png,0.0,3
dataset/img_05860.png,0.0,3
dataset/img_05865.png,0.0,3
dataset/img_05870.png,0.0,3
dataset/img_05875.png,0.0,3
dataset/img_05880.png,0.0,3
dataset/img_05885.png,0.0,3
dataset/img_05890.png,0.0,3
dataset/img_05895.png,0.0,3
dataset/img_05900.png,0.0,3
dataset/img_05905.png,0.0,3
dataset/img_05910.png,0.0,3
dataset/img_05915.png,0.0,3
dataset/img_05920.png,0.0,3
dataset/img_05925.png,0.0,3
dataset/img_05930.png,0.0,3
dataset/img_05935.png,0.0,3
dataset/img_05940.png,0.0,3
dataset/img_05945.png,0.0,3
dataset/img_05950.png,0.0,3
dataset/img_05955.png,0.0,3
dataset/img_05960.png,0.0,3
dataset/img_05965.png,0.0,3
dataset/img_05970.png,0.0,3
dataset/img_05975.png,0.0,3
dataset/img_05980.png,0.0,3
dataset/img_05985.png,0.0,3
dataset/img_05990.png,0.0,3
dataset/img_05995.png,0.0,3
dataset/img_06000.png,0.0,3
dataset/img_06005.png,0.0,3
dataset/img_06010.png,0.0,3
dataset/img_06015.png,0.0,3
dataset/img_06020.png,0.0,3
dataset/img_06025.png,0.0,3
dataset/img_06030.png,0.0,3
dataset/img_06035.png,0.0,3
dataset/img_06040.png,0.0,3
dataset/img_06045.png,0.0,3
dataset/img_06050.png,0.0,3
dataset/img_06055.png,0.0,3
dataset/img_06060.png,0.0,3
dataset/img_06065.png,0.0,3
dataset/img_06070.png,0.0,3
dataset/img_06075.png,0.0,3
dataset/img_06080.png,0.0,3
dataset/img_06085.png,0.0,3
dataset/img_06090.png,0.0,3
dataset/img_06095.png,0.0,3
dataset/img_06100.png,0.0,3
dataset/img_06105.png,0.0,3
dataset/img_06110.png,0.0,3
dataset/img_06115.png,0.0,3
dataset/img_06120.png,0.0,3
dataset/img_06125.png,0.0,3
dataset/img_06130.png,0.0,3
dataset/img_06135.png,0.0,3
dataset/img_06140.png,0.0,3
dataset/img_06145.png,0.0,3
dataset/img_06150.png,0.05,3
dataset/img_06155.png,0.3,3
dataset/img_06160.png,0.44999999999999996,3
dataset/img_06165.png,0.44999999999999996,3
dataset/img_06170.png,0.44999999999999996,3
dataset/img_06175.png,0.44999999999999996,3
dataset/img_06180.png,0.44999999999999996,3
dataset/img_06185.png,0.35,3
dataset/img_06190.png,0.10000000000000002,3
dataset/img_06195.png,1.3877787807814457e-17,3
dataset/img_06200.png,1.3877787807814457e-17,3
dataset/img_06205.png,1.3877787807814457e-17,3
dataset/img_06210.png,1.3877787807814457e-17,3
dataset/img_06215.png,1.3877787807814457e-17,3
dataset/img_06220.png,1.3877787807814457e-17,3
dataset/img_06225.png,1.3877787807814457e-17,3
dataset/img_06230.png,1.3877787807814457e-17,3
dataset/img_06235.png,1.3877787807814457e-17,3
dataset/img_06240.png,1.3877787807814457e-17,3
dataset/img_06245.png,1.3877787807814457e-17,3
dataset/img_06250.png,-0.25,3
dataset/img_06255.png,-0.49999999999999994,3
dataset/img_06260.png,-0.5,3
dataset/img_06265.png,-0.5,3
dataset/img_06270.png,-0.5,3
dataset/img_06275.png,-0.5,3
dataset/img_06280.png,-0.5,3
dataset/img_06285.png,-0.5,3
dataset/img_06290.png,0.0,3
dataset/img_06295.png,0.0,3
dataset/img_06300.png,0.0,3
dataset/img_06305.png,0.0,3
dataset/img_06310.png,0.0,3
dataset/img_06315.png,0.0,3
dataset/img_06320.png,0.0,3
dataset/img_06325.png,0.0,3
dataset/img_06330.png,0.0,3
dataset/img_06335.png,0.0,3
dataset/img_06340.png,0.0,3
dataset/img_06345.png,0.0,3
dataset/img_06350.png,0.0,3
dataset/img_06355.png,0.0,3
dataset/img_06360.png,0.0,3
dataset/img_06365.png,0.0,3
dataset/img_06370.png,0.0,3
dataset/img_06375.png,0.0,3
dataset/img_06380.png,0.0,3
dataset/img_06385.png,0.0,3
dataset/img_06390.png,0.0,3
dataset/img_06395.png,0.0,3
dataset/img_06400.png,0.0,3
dataset/img_06405.png,0.0,3
dataset/img_06410.png,0.0,3
dataset/img_06415.png,0.0,3
dataset/img_06420.png,0.1,3
dataset/img_06425.png,0.35,3
dataset/img_06430.png,0.44999999999999996,3
dataset/img_06435.png,0.44999999999999996,3
dataset/img_06440.png,0.44999999999999996,3
dataset/img_06445.png,0.44999999999999996,3
dataset/img_06450.png,0.2,3
dataset/img_06455.png,-0.04999999999999999,3
dataset/img_06460.png,-0.15,3
dataset/img_06465.png,-0.15,3
dataset/img_06470.png,-0.15,3
dataset/img_06475.png,-0.15,3
dataset/img_06480.png,-0.15,3
dataset/img_06485.png,-0.15,3
dataset/img_06490.png,-0.15,3
dataset/img_06495.png,-0.15,3
dataset/img_06500.png,-0.15,3
dataset/img_06505.png,0.0,3
dataset/img_06510.png,0.0,3
dataset/img_06515.png,0.0,3
dataset/img_06520.png,0.0,3
dataset/img_06525.png,0.0,3
dataset/img_06530.png,0.0,3
dataset/img_06535.png,0.0,3
dataset/img_06540.png,0.0,3
dataset/img_06545.png,0.0,3
dataset/img_06550.png,0.0,3
dataset/img_06555.png,0.0,3
dataset/img_06560.png,0.0,3
dataset/img_06565.png,0.0,3
dataset/img_06570.png,0.0,3
dataset/img_06575.png,-0.25,3
dataset/img_06580.png,-0.49999999999999994,3
dataset/img_06585.png,-0.5,3
dataset/img_06590.png,-0.5,3
dataset/img_06595.png,-0.5,3
dataset/img_06600.png,0.0,3
dataset/img_06605.png,0.0,3
dataset/img_06610.png,0.0,3
dataset/img_06615.png,0.0,3
dataset/img_06620.png,0.0,3
dataset/img_06625.png,0.0,3
dataset/img_06630.png,0.0,3
dataset/img_06635.png,0.0,3
dataset/img_06640.png,0.0,3
dataset/img_06645.png,0.0,3
dataset/img_06650.png,0.0,3
dataset/img_06655.png,0.0,3
dataset/img_06660.png,0.0,3
dataset/img_06665.png,0.0,3
dataset/img_06670.png,0.0,3
dataset/img_06675.png,0.0,3
dataset/img_06680.png,0.0,3
dataset/img_06685.png,0.0,3
dataset/img_06690.png,0.0,3
dataset/img_06695.png,0.0,3
dataset/img_06700.png,0.0,3
dataset/img_06705.png,0.0,3
dataset/img_06710.png,0.0,3
dataset/img_06715.png,0.0,3
dataset/img_06720.png,0.0,3
dataset/img_06725.png,0.0,3
dataset/img_06730.png,0.0,3
dataset/img_06735.png,0.0,3
dataset/img_06740.png,0.0,3
dataset/img_06745.png,0.0,3
dataset/img_06750.png,0.0,3
dataset/img_06755.png,0.0,3
dataset/img_06760.png,0.0,3
dataset/img_06765.png,0.0,3
dataset/img_06770.png,0.0,3
dataset/img_06775.png,0.0,3
dataset/img_06780.png,0.0,3
dataset/img_06785.png,0.0,3
dataset/img_06790.png,0.0,3
dataset/img_06795.png,0.0,3
dataset/img_06800.png,0.0,3
dataset/img_06805.png,0.0,3
dataset/img_06810.png,0.0,3
dataset/img_06815.png,0.0,3
dataset/img_06820.png,0.0,3
dataset/img_06825.png,0.0,3
dataset/img_06830.png,0.0,3
dataset/img_06835.png,0.0,3
dataset/img_06840.png,0.0,3
dataset/img_06845.png,0.0,3
dataset/img_06850.png,0.0,3
dataset/img_06855.png,0.0,3
dataset/img_06860.png,0.0,3
dataset/img_06865.png,0.0,3
dataset/img_06870.png,0.0,3
dataset/img_06875.png,0.0,3
dataset/img_06880.png,0.0,3
dataset/img_06885.png,0.0,3
dataset/img_06890.png,0.0,3
dataset/img_06895.png,0.0,3
dataset/img_06900.png,-0.2,3
dataset/img_06905.png,-0.35,3
dataset/img_06910.png,0.0,3
dataset/img_06915.png,0.0,3
dataset/img_06920.png,0.0,3
dataset/img_06925.png,0.0,3
dataset/img_06930.png,0.0,3
dataset/img_06935.png,0.0,3
dataset/img_06940.png,0.0,3
dataset/img_06945.png,0.0,3
dataset/img_06950.png,0.0,3
dataset/img_06955.png,0.0,3
dataset/img_06960.png,0.0,3
dataset/img_06965.png,0.0,3
dataset/img_06970.png,0.0,3
dataset/img_06975.png,0.0,3
dataset/img_06980.png,0.0,3
dataset/img_06985.png,0.0,3
dataset/img_06990.png,0.0,3
dataset/img_06995.png,-0.2,3
dataset/img_07000.png,-0.44999999999999996,3
dataset/img_07005.png,-0.44999999999999996,3
dataset/img_07010.png,0.0,3
dataset/img_07015.png,0.0,3
dataset/img_07020.png,0.0,3
dataset/img_07025.png,0.0,3
dataset/img_07030.png,0.0,3
dataset/img_07035.png,0.0,3
dataset/img_07040.png,0.0,3
dataset/img_07045.png,0.0,3
dataset/img_07050.png,0.0,3
dataset/img_07055.png,0.0,3
dataset/img_07060.png,0.0,3
dataset/img_07065.png,0.0,3
dataset/img_07070.png,0.0,3
dataset/img_07075.png,0.0,3
dataset/img_07080.png,0.0,3
dataset/img_07085.png,0.0,3
dataset/img_07090.png,0.0,3
dataset/img_07095.png,0.0,3
dataset/img_07100.png,0.0,3
dataset/img_07105.png,0.0,3
dataset/img_07110.png,-0.1,3
dataset/img_07115.png,-0.35,3
dataset/img_07120.png,-0.49999999999999994,3
dataset/img_07125.png,-0.49999999999999994,3
dataset/img_07130.png,0.0,3
dataset/img_07135.png,0.0,3
dataset/img_07140.png,0.0,3
dataset/img_07145.png,0.0,3
dataset/img_07150.png,0.0,3
dataset/img_07155.png,0.0,3
dataset/img_07160.png,0.0,3
dataset/img_07165.png,0.0,3
dataset/img_07170.png,0.0,3
dataset/img_07175.png,0.0,3
dataset/img_07180.png,0.0,3
dataset/img_07185.png,0.0,3
dataset/img_07190.png,0.0,3
dataset/img_07195.png,0.0,3
dataset/img_07200.png,0.0,3
dataset/img_07205.png,0.0,3
dataset/img_07210.png,0.0,3
dataset/img_07215.png,0.0,3
dataset/img_07220.png,0.0,3
dataset/img_07225.png,0.0,3
dataset/img_07230.png,0.0,3
dataset/img_07235.png,0.0,3
dataset/img_07240.png,0.0,3
dataset/img_07245.png,0.0,3
dataset/img_07250.png,0.0,3
dataset/img_07255.png,0.0,3
dataset/img_07260.png,0.0,3
dataset/img_07265.png,0.0,3
dataset/img_07270.png,0.0,3
dataset/img_07275.png,0.0,3
dataset/img_07280.png,0.0,3
dataset/img_07285.png,0.0,3
dataset/img_07290.png,0.0,3
dataset/img_07295.png,0.0,3
dataset/img_07300.png,0.0,3
dataset/img_07305.png,0.0,3
dataset/img_07310.png,0.0,3
dataset/img_07315.png,0.0,3
dataset/img_07320.png,0.0,3
dataset/img_07325.png,0.0,3
dataset/img_07330.png,0.0,3
dataset/img_07335.png,0.0,3
dataset/img_07340.png,0.0,3
dataset/img_07345.png,0.0,3
dataset/img_07350.png,0.0,3
dataset/img_07355.png,0.0,3
dataset/img_07360.png,0.0,3
dataset/img_07365.png,0.0,3
dataset/img_07370.png,0.0,3
dataset/img_07375.png,0.0,3
dataset/img_07380.png,0.0,3
dataset/img_07385.png,0.0,3
dataset/img_07390.png,0.0,3
dataset/img_07395.png,0.0,3
dataset/img_07400.png,0.0,3
dataset/img_07405.png,0.0,3
dataset/img_07410.png,0.0,3
dataset/img_07415.png,0.0,3
dataset/img_07420.png,0.0,3
dataset/img_07425.png,0.0,3
dataset/img_07430.png,0.0,3
dataset/img_07435.png,0.0,3
dataset/img_07440.png,0.0,3
dataset/img_07445.png,0.0,3
dataset/img_07450.png,0.0,3
dataset/img_07455.png,0.0,3
dataset/img_07460.png,0.0,3
dataset/img_07465.png,0.0,3
dataset/img_07470.png,0.0,3
dataset/img_07475.png,0.0,3
dataset/img_07480.png,0.0,3
dataset/img_07485.png,0.0,3
dataset/img_07490.png,-0.25,3
dataset/img_07495.png,-0.35,3
dataset/img_07500.png,-0.35,3
dataset/img_07505.png,-0.35,3
dataset/img_07510.png,0.0,3
dataset/img_07515.png,0.0,3
dataset/img_07520.png,0.0,3
dataset/img_07525.png,0.0,3
dataset/img_07530.png,0.0,3
dataset/img_07535.png,0.0,3
dataset/img_07540.png,0.0,3
dataset/img_07545.png,0.0,3
dataset/img_07550.png,0.0,3
dataset/img_07555.png,0.0,3
dataset/img_07560.png,0.0,3
dataset/img_07565.png,0.0,3
dataset/img_07570.png,0.0,3
dataset/img_07575.png,0.0,3
dataset/img_07580.png,0.0,3
dataset/img_07585.png,0.0,3
dataset/img_07590.png,0.0,3
dataset/img_07595.png,0.0,3
dataset/img_07600.png,0.0,3
dataset/img_07605.png,0.0,3
dataset/img_07610.png,-0.25,3
dataset/img_07615.png,-0.39999999999999997,3
dataset/img_07620.png,-0.39999999999999997,3
dataset/img_07625.png,-0.39999999999999997,3
dataset/img_07630.png,-0.39999999999999997,3
dataset/img_07635.png,0.0,3
dataset/img_07640.png,0.0,3
dataset/img_07645.png,0.0,3
dataset/img_07650.png,0.0,3
dataset/img_07655.png,0.0,3
dataset/img_07660.png,0.0,3
dataset/img_07665.png,0.0,3
dataset/img_07670.png,0.0,3
dataset/img_07675.png,0.0,3
dataset/img_07680.png,0.0,3
dataset/img_07685.png,0.0,3
dataset/img_07690.png,0.0,3
dataset/img_07695.png,0.0,3
dataset/img_07700.png,0.0,3
dataset/img_07705.png,0.0,3
dataset/img_07710.png,0.0,3
dataset/img_07715.png,0.0,3
dataset/img_07720.png,0.0,3
dataset/img_07725.png,0.0,3
dataset/img_07730.png,0.0,3
dataset/img_07735.png,0.0,3
dataset/img_07740.png,0.0,3
dataset/img_07745.png,0.0,3
dataset/img_07750.png,0.0,3
dataset/img_07755.png,0.0,3
dataset/img_07760.png,0.0,3
dataset/img_07765.png,0.0,3
dataset/img_07770.png,0.0,3
dataset/img_07775.png,0.0,3
dataset/img_07780.png,0.0,3
dataset/img_07785.png,0.0,3
dataset/img_07790.png,0.0,3
dataset/img_07795.png,0.0,3
dataset/img_07800.png,0.0,3
dataset/img_07805.png,0.0,3
dataset/img_07810.png,0.0,3
dataset/img_07815.png,0.0,3
dataset/img_07820.png,0.0,3
dataset/img_07825.png,0.0,3
dataset/img_07830.png,0.0,3
dataset/img_07835.png,0.0,3
dataset/img_07840.png,0.0,3
dataset/img_07845.png,0.0,3
dataset/img_07850.png,0.0,3
dataset/img_07855.png,0.0,3
dataset/img_07860.png,0.0,3
dataset/img_07865.png,0.0,3
dataset/img_07870.png,0.0,3
dataset/img_07875.png,0.0,3
dataset/img_07880.png,0.0,3
dataset/img_07885.png,0.0,3
dataset/img_07890.png,0.0,3
dataset/img_07895.png,0.0,3
dataset/img_07900.png,0.0,3
dataset/img_07905.png,0.0,3
dataset/img_07910.png,0.0,3
dataset/img_07915.png,0.0,3
dataset/img_07920.png,0.0,3
dataset/img_07925.png,0.0,3
dataset/img_07930.png,0.0,3
dataset/img_07935.png,0.0,3
dataset/img_07940.png,0.0,3
dataset/img_07945.png,-0.15000000000000002,3
dataset/img_07950.png,-0.39999999999999997,3
dataset/img_07955.png,-0.39999999999999997,3
dataset/img_07960.png,-0.39999999999999997,3
dataset/img_07965.png,0.0,3
dataset/img_07970.png,0.0,3
dataset/img_07975.png,0.0,3
dataset/img_07980.png,0.0,3
dataset/img_07985.png,0.0,3
dataset/img_07990.png,0.0,3
dataset/img_07995.png,0.0,3
dataset/img_08000.png,0.0,3
dataset/img_08005.png,0.0,3
dataset/img_08010.png,0.0,3
dataset/img_08015.png,0.0,3
dataset/img_08020.png,0.0,3
dataset/img_08025.png,0.0,3
dataset/img_08030.png,0.0,3
dataset/img_08035.png,0.0,3
dataset/img_08040.png,0.0,3
dataset/img_08045.png,0.0,3
dataset/img_08050.png,0.0,3
dataset/img_08055.png,0.0,3
dataset/img_08060.png,0.0,3
dataset/img_08065.png,0.0,3
dataset/img_08070.png,0.0,3
dataset/img_08075.png,0.0,3
dataset/img_08080.png,0.0,3
dataset/img_08085.png,0.0,3
dataset/img_08090.png,0.0,3
dataset/img_08095.png,0.0,3
dataset/img_08100.png,0.0,3
dataset/img_08105.png,0.0,3
dataset/img_08110.png,0.0,3
dataset/img_08115.png,0.0,3
dataset/img_08120.png,0.0,3
dataset/img_08125.png,0.0,3
dataset/img_08130.png,0.0,3
dataset/img_08135.png,0.0,3
dataset/img_08140.png,0.0,3
dataset/img_08145.png,0.0,3
dataset/img_08150.png,0.0,3
dataset/img_08155.png,0.0,3
dataset/img_08160.png,0.0,3
dataset/img_08165.png,0.0,3
dataset/img_08170.png,0.0,3
dataset/img_08175.png,0.0,3
dataset/img_08180.png,0.0,3
dataset/img_08185.png,0.0,3
dataset/img_08190.png,0.0,3
dataset/img_08195.png,0.0,3
dataset/img_08200.png,0.0,3
dataset/img_08205.png,0.0,3
dataset/img_08210.png,0.0,3
dataset/img_08215.png,0.0,3
dataset/img_08220.png,0.0,3
dataset/img_08225.png,0.0,3
dataset/img_08230.png,0.0,3
dataset/img_08235.png,0.0,3
dataset/img_08240.png,0.0,3
dataset/img_08245.png,0.0,3
dataset/img_08250.png,0.0,3
dataset/img_08255.png,0.0,3
dataset/img_08260.png,0.0,3
dataset/img_08265.png,0.0,3
dataset/img_08270.png,0.0,3
dataset/img_08275.png,0.0,3
dataset/img_08280.png,0.0,3
dataset/img_08285.png,0.0,3
dataset/img_08290.png,0.0,3
dataset/img_08295.png,0.0,3
dataset/img_08300.png,0.0,3
dataset/img_08305.png,0.0,3
dataset/img_08310.png,0.0,3
dataset/img_08315.png,0.0,3
dataset/img_08320.png,0.0,3
dataset/img_08325.png,0.0,3
dataset/img_08330.png,0.0,3
dataset/img_08335.png,0.0,3
dataset/img_08340.png,0.0,3
dataset/img_08345.png,0.0,3
dataset/img_08350.png,0.0,3
dataset/img_08355.png,0.0,3
dataset/img_08360.png,0.0,3
dataset/img_08365.png,0.0,3
dataset/img_08370.png,0.0,3
dataset/img_08375.png,0.0,3
dataset/img_08380.png,0.0,3
dataset/img_08385.png,0.0,3
dataset/img_08390.png,0.0,3
dataset/img_08395.png,0.0,3
dataset/img_08400.png,-0.1,3
dataset/img_08405.png,-0.35,3
dataset/img_08410.png,-0.39999999999999997,3
dataset/img_08415.png,-0.39999999999999997,3
dataset/img_08420.png,-0.39999999999999997,3
dataset/img_08425.png,-0.39999999999999997,3
dataset/img_08430.png,-0.39999999999999997,3
dataset/img_08435.png,-0.39999999999999997,3
dataset/img_08440.png,-0.39999999999999997,3
dataset/img_08445.png,-0.39999999999999997,3
dataset/img_08450.png,0.15000000000000002,3
dataset/img_08455.png,0.39999999999999997,3
dataset/img_08460.png,0.5,3
dataset/img_08465.png,0.5,3
dataset/img_08470.png,0.5,3
dataset/img_08475.png,0.5,3
dataset/img_08480.png,0.5,3
dataset/img_08485.png,0.5,3
dataset/img_08490.png,0.5,3
dataset/img_08495.png,0.5,3
dataset/img_08500.png,0.5,3
dataset/img_08505.png,0.5,3
dataset/img_08510.png,0.35000000000000003,3
dataset/img_08515.png,0.10000000000000007,3
dataset/img_08520.png,0.05000000000000007,3
dataset/img_08525.png,0.05000000000000007,3
dataset/img_08530.png,0.05000000000000007,3
dataset/img_08535.png,0.05000000000000007,3
dataset/img_08540.png,0.05000000000000007,3
dataset/img_08545.png,0.05000000000000007,3
dataset/img_08550.png,0.05000000000000007,3
dataset/img_08555.png,0.0,3
dataset/img_08560.png,0.0,3
dataset/img_08565.png,-0.05,3
dataset/img_08570.png,-0.3,3
dataset/img_08575.png,-0.5,3
dataset/img_08580.png,-0.5,3
dataset/img_08585.png,-0.5,3
dataset/img_08590.png,-0.5,3
dataset/img_08595.png,-0.5,3
dataset/img_08600.png,-0.5,3
dataset/img_08605.png,0.0,3
dataset/img_08610.png,0.0,3
dataset/img_08615.png,0.0,3
dataset/img_08620.png,0.0,3
dataset/img_08625.png,0.0,3
dataset/img_08630.png,0.0,3
dataset/img_08635.png,0.0,3
dataset/img_08640.png,0.0,3
dataset/img_08645.png,0.0,3
dataset/img_08650.png,0.0,3
dataset/img_08655.png,0.0,3
dataset/img_08660.png,0.0,3
dataset/img_08665.png,0.0,3
dataset/img_08670.png,0.0,3
dataset/img_08675.png,0.0,3
dataset/img_08680.png,0.0,3
dataset/img_08685.png,0.0,3
dataset/img_08690.png,0.0,3
dataset/img_08695.png,0.0,3
dataset/img_08700.png,0.0,3
dataset/img_08705.png,0.0,3
dataset/img_08710.png,0.0,3
dataset/img_08715.png,0.0,3
dataset/img_08720.png,0.0,3
dataset/img_08725.png,0.0,3
dataset/img_08730.png,0.0,3
dataset/img_08735.png,0.0,3
dataset/img_08740.png,0.0,3
dataset/img_08745.png,0.0,3
dataset/img_08750.png,0.0,3
dataset/img_08755.png,0.0,3
dataset/img_08760.png,0.0,3
dataset/img_08765.png,0.0,3
dataset/img_08770.png,0.0,3
dataset/img_08775.png,0.0,3
dataset/img_08780.png,0.0,3
dataset/img_08785.png,0.0,3
dataset/img_08790.png,0.0,3
dataset/img_08795.png,0.0,3
dataset/img_08800.png,0.0,3
dataset/img_08805.png,0.0,3
dataset/img_08810.png,0.0,3
dataset/img_08815.png,0.0,3
dataset/img_08820.png,0.0,3
dataset/img_08825.png,0.0,3
dataset/img_08830.png,0.0,3
dataset/img_08835.png,0.0,3
dataset/img_08840.png,0.0,3
dataset/img_08845.png,0.0,3
dataset/img_08850.png,0.0,3
dataset/img_08855.png,0.0,3
dataset/img_08860.png,0.0,3
dataset/img_08865.png,0.0,3
dataset/img_08870.png,0.0,3
dataset/img_08875.png,0.0,3
dataset/img_08880.png,0.0,3
dataset/img_08885.png,0.0,3
dataset/img_08890.png,0.0,3
dataset/img_08895.png,0.0,3
dataset/img_08900.png,0.0,3
dataset/img_08905.png,0.0,3
dataset/img_08910.png,0.0,3
dataset/img_08915.png,0.0,3
dataset/img_08920.png,0.0,3
dataset/img_08925.png,0.0,3
dataset/img_08930.png,0.0,3
dataset/img_08935.png,0.0,3
dataset/img_08940.png,0.0,3
dataset/img_08945.png,0.0,3
dataset/img_08950.png,0.0,3
dataset/img_08955.png,0.0,3
dataset/img_08960.png,0.0,3
dataset/img_08965.png,0.0,3
dataset/img_08970.png,0.0,3
dataset/img_08975.png,0.0,3
dataset/img_08980.png,0.0,3
dataset/img_08985.png,0.0,3
dataset/img_08990.png,0.0,3
dataset/img_08995.png,0.0,3
dataset/img_09000.png,0.0,3
dataset/img_09005.png,0.0,3
dataset/img_09010.png,0.0,3
dataset/img_09015.png,0.0,3
dataset/img_09020.png,0.0,3
dataset/img_09025.png,0.0,3
dataset/img_09030.png,0.0,3
dataset/img_09035.png,0.0,3
dataset/img_09040.png,0.0,3
dataset/img_09045.png,0.0,3
dataset/img_09050.png,0.0,3
dataset/img_09055.png,0.0,3
dataset/img_09060.png,0.0,3
dataset/img_09065.png,0.0,3
dataset/img_09070.png,0.0,3
dataset/img_09075.png,0.0,3
dataset/img_09080.png,0.0,3
dataset/img_09085.png,0.0,3
dataset/img_09090.png,0.0,3
dataset/img_09095.png,0.0,3
dataset/img_09100.png,0.0,3
dataset/img_09105.png,0.0,3
dataset/img_09110.png,0.0,3
dataset/img_09115.png,0.0,3
dataset/img_09120.png,0.0,3
dataset/img_09125.png,0.0,3
dataset/img_09130.png,0.0,3
dataset/img_09135.png,0.0,3
dataset/img_09140.png,0.0,3
dataset/img_09145.png,0.0,3
dataset/img_09150.png,0.0,3
dataset/img_09155.png,0.0,3
dataset/img_09160.png,0.0,3
dataset/img_09165.png,0.0,3
dataset/img_09170.png,0.0,3
dataset/img_09175.png,0.0,3
dataset/img_09180.png,0.0,3
dataset/img_09185.png,0.0,3
dataset/img_09190.png,0.0,3
dataset/img_09195.png,0.0,3
dataset/img_09200.png,0.0,3
dataset/img_09205.png,0.0,3
dataset/img_09210.png,0.0,3
dataset/img_09215.png,0.0,3
dataset/img_09220.png,0.0,3
dataset/img_09225.png,0.0,3
dataset/img_09230.png,0.0,3
dataset/img_09235.png,0.0,3
dataset/img_09240.png,0.0,3
dataset/img_09245.png,0.0,3
dataset/img_09250.png,0.0,3
dataset/img_09255.png,0.0,3
dataset/img_09260.png,0.0,3
dataset/img_09265.png,0.0,3
dataset/img_09270.png,0.0,3
dataset/img_09275.png,0.0,3
dataset/img_09280.png,0.0,3
dataset/img_09285.png,0.0,3
dataset/img_09290.png,0.0,3
dataset/img_09295.png,0.0,3
dataset/img_09300.png,0.0,3
dataset/img_09305.png,0.0,3
dataset/img_09310.png,0.0,3
dataset/img_09315.png,0.0,3
dataset/img_09320.png,0.0,3
dataset/img_09325.png,0.0,3
dataset/img_09330.png,0.0,3
dataset/img_09335.png,0.0,3
dataset/img_09340.png,0.0,3
dataset/img_09345.png,0.0,3
dataset/img_09350.png,0.0,3
dataset/img_09355.png,0.0,3
dataset/img_09360.png,0.0,3
dataset/img_09365.png,0.0,3
dataset/img_09370.png,0.0,3
dataset/img_09375.png,0.0,3
dataset/img_09380.png,0.0,3
dataset/img_09385.png,0.0,3
dataset/img_09390.png,0.0,3
dataset/img_09395.png,0.0,3
dataset/img_09400.png,0.0,3
dataset/img_09405.png,0.0,3
dataset/img_09410.png,0.0,3
dataset/img_09415.png,0.0,3
dataset/img_09420.png,0.0,3
dataset/img_09425.png,0.0,3
dataset/img_09430.png,0.0,3
dataset/img_09435.png,0.0,3
dataset/img_09440.png,0.0,3
dataset/img_09445.png,0.0,3
dataset/img_09450.png,0.0,3
dataset/img_09455.png,0.0,3
dataset/img_09460.png,0.0,3
dataset/img_09465.png,0.0,3
dataset/img_09470.png,0.0,3
dataset/img_09475.png,0.0,3
dataset/img_09480.png,0.0,3
dataset/img_09485.png,0.0,3
dataset/img_09490.png,0.0,3
dataset/img_09495.png,0.0,3
dataset/img_09500.png,0.0,3
dataset/img_09505.png,0.0,3
dataset/img_09510.png,0.0,3
dataset/img_09515.png,0.0,3
dataset/img_09520.png,0.0,3
dataset/img_09525.png,0.0,3
dataset/img_09530.png,0.0,3
dataset/img_09535.png,0.0,3
dataset/img_09540.png,0.0,3
dataset/img_09545.png,0.0,3
dataset/img_09550.png,0.0,3
dataset/img_09555.png,0.0,3
dataset/img_09560.png,0.0,3
dataset/img_09565.png,0.0,3
dataset/img_09570.png,0.0,3
dataset/img_09575.png,0.0,3
dataset/img_09580.png,0.0,3
dataset/img_09585.png,0.0,3
dataset/img_09590.png,-0.1,3
dataset/img_09595.png,-0.35,3
dataset/img_09600.png,-0.5,3
dataset/img_09605.png,-0.5,3
dataset/img_09610.png,-0.5,3
dataset/img_09615.png,-0.5,3
dataset/img_09620.png,0.0,3
dataset/img_09625.png,0.0,3
dataset/img_09630.png,0.0,3
dataset/img_09635.png,0.0,3
dataset/img_09640.png,0.0,3
dataset/img_09645.png,0.0,3
dataset/img_09650.png,0.0,3
dataset/img_09655.png,0.0,3
dataset/img_09660.png,0.0,3
dataset/img_09665.png,0.0,3
dataset/img_09670.png,0.0,3
dataset/img_09675.png,0.0,3
dataset/img_09680.png,0.0,3
dataset/img_09685.png,0.0,3
dataset/img_09690.png,0.0,3
dataset/img_09695.png,0.0,3
dataset/img_09700.png,0.0,3
dataset/img_09705.png,0.0,3
dataset/img_09710.png,0.0,3
dataset/img_09715.png,0.0,3
dataset/img_09720.png,0.0,3
dataset/img_09725.png,0.0,3
dataset/img_09730.png,0.0,3
dataset/img_09735.png,0.0,3
dataset/img_09740.png,0.1,3
dataset/img_09745.png,0.35,3
dataset/img_09750.png,0.44999999999999996,3
dataset/img_09755.png,0.44999999999999996,3
dataset/img_09760.png,0.44999999999999996,3
dataset/img_09765.png,0.44999999999999996,3
dataset/img_09770.png,0.0,3
dataset/img_09775.png,0.0,3
dataset/img_09780.png,0.0,3
dataset/img_09785.png,0.0,3
dataset/img_09790.png,0.0,3
dataset/img_09795.png,0.0,3
dataset/img_09800.png,0.0,3
dataset/img_09805.png,0.0,3
dataset/img_09810.png,0.0,3
dataset/img_09815.png,0.0,3
dataset/img_09820.png,0.0,3
dataset/img_09825.png,0.0,3
dataset/img_09830.png,0.0,3
dataset/img_09835.png,-0.2,3
dataset/img_09840.png,-0.39999999999999997,3
dataset/img_09845.png,-0.39999999999999997,3
dataset/img_09850.png,-0.39999999999999997,3
dataset/img_09855.png,0.0,3
dataset/img_09860.png,0.0,3
dataset/img_09865.png,0.0,3
dataset/img_09870.png,0.0,3
dataset/img_09875.png,0.0,3
dataset/img_09880.png,0.0,3
dataset/img_09885.png,0.0,3
dataset/img_09890.png,0.0,3
dataset/img_09895.png,0.0,3
dataset/img_09900.png,0.0,3
dataset/img_09905.png,0.0,3
dataset/img_09910.png,0.0,3
dataset/img_09915.png,0.0,3
dataset/img_09920.png,0.0,3
dataset/img_09925.png,0.0,3
dataset/img_09930.png,0.0,3
dataset/img_09935.png,0.0,3
dataset/img_09940.png,0.0,3
dataset/img_09945.png,0.0,3
dataset/img_09950.png,0.0,3
dataset/img_09955.png,0.0,3
dataset/img_09960.png,0.0,3
dataset/img_09965.png,0.0,3
dataset/img_09970.png,0.0,3
dataset/img_09975.png,0.0,3
dataset/img_09980.png,0.0,3
dataset/img_09985.png,-0.1,3
dataset/img_09990.png,-0.35,3
dataset/img_09995.png,-0.49999999999999994,3
dataset/img_10000.png,-0.49999999999999994,3
dataset/img_10005.png,0.0,3
dataset/img_10010.png,0.0,3
dataset/img_10015.png,0.0,3
dataset/img_10020.png,0.0,3
dataset/img_10025.png,0.0,3
dataset/img_10030.png,0.0,3
dataset/img_10035.png,0.0,3
dataset/img_10040.png,0.0,3
dataset/img_10045.png,0.0,3
dataset/img_10050.png,0.0,3
dataset/img_10055.png,0.0,3
dataset/img_10060.png,0.0,3
dataset/img_10065.png,0.0,3
dataset/img_10070.png,0.0,3
dataset/img_10075.png,0.0,3
dataset/img_10080.png,0.0,3
dataset/img_10085.png,0.0,3
dataset/img_10090.png,0.0,3
dataset/img_10095.png,0.0,3
dataset/img_10100.png,0.0,3
dataset/img_10105.png,0.0,3
dataset/img_10110.png,-0.05,3
dataset/img_10115.png,-0.3,3
dataset/img_10120.png,-0.49999999999999994,3
dataset/img_10125.png,-0.49999999999999994,3
dataset/img_10130.png,0.0,3
dataset/img_10135.png,0.0,3
dataset/img_10140.png,0.0,3
dataset/img_10145.png,0.0,3
dataset/img_10150.png,0.0,3
dataset/img_10155.png,0.0,3
dataset/img_10160.png,0.0,3
dataset/img_10165.png,0.0,3
dataset/img_10170.png,0.0,3
dataset/img_10175.png,0.0,3
dataset/img_10180.png,0.0,3
dataset/img_10185.png,0.0,3
dataset/img_10190.png,0.0,3
dataset/img_10195.png,0.0,3
dataset/img_10200.png,0.0,3
dataset/img_10205.png,0.0,3
dataset/img_10210.png,0.0,3
dataset/img_10215.png,-0.05,3
dataset/img_10220.png,-0.2,3
dataset/img_10225.png,-0.2,3
dataset/img_10230.png,0.0,3
dataset/img_10235.png,0.0,3
dataset/img_10240.png,0.0,3
dataset/img_10245.png,0.0,3
dataset/img_10250.png,0.0,3
dataset/img_10255.png,0.0,3
dataset/img_10260.png,0.0,3
dataset/img_10265.png,-0.15000000000000002,3
dataset/img_10270.png,-0.39999999999999997,3
dataset/img_10275.png,-0.49999999999999994,3
dataset/img_10280.png,-0.49999999999999994,3
dataset/img_10285.png,-0.49999999999999994,3
dataset/img_10290.png,0.0,3
dataset/img_10295.png,0.0,3
dataset/img_10300.png,0.0,3
dataset/img_10305.png,0.0,3
dataset/img_10310.png,0.0,3
dataset/img_10315.png,0.0,3
dataset/img_10320.png,0.0,3
dataset/img_10325.png,0.0,3
dataset/img_10330.png,0.0,3
dataset/img_10335.png,0.0,3
dataset/img_10340.png,0.0,3
dataset/img_10345.png,0.0,3
dataset/img_10350.png,0.0,3
dataset/img_10355.png,0.0,3
dataset/img_10360.png,0.0,3
dataset/img_10365.png,0.0,3
dataset/img_10370.png,0.0,3
dataset/img_10375.png,0.0,3
dataset/img_10380.png,0.0,3
dataset/img_10385.png,0.0,3
dataset/img_10390.png,0.0,3
dataset/img_10395.png,0.0,3
dataset/img_10400.png,-0.1,3
dataset/img_10405.png,-0.35,3
dataset/img_10410.png,-0.44999999999999996,3
dataset/img_10415.png,-0.44999999999999996,3
dataset/img_10420.png,0.0,3
dataset/img_10425.png,0.0,3
dataset/img_10430.png,0.0,3
dataset/img_10435.png,0.0,3
dataset/img_10440.png,0.0,3
dataset/img_10445.png,0.0,3
dataset/img_10450.png,0.0,3
dataset/img_10455.png,0.0,3
dataset/img_10460.png,0.0,3
dataset/img_10465.png,0.0,3
dataset/img_10470.png,0.0,3
dataset/img_10475.png,0.0,3
dataset/img_10480.png,0.0,3
dataset/img_10485.png,0.0,3
dataset/img_10490.png,-0.1,3
dataset/img_10495.png,-0.35,3
dataset/img_10500.png,-0.5,3
dataset/img_10505.png,-0.5,3
dataset/img_10510.png,-0.5,3
dataset/img_10515.png,0.0,3
dataset/img_10520.png,0.0,3
dataset/img_10525.png,0.0,3
dataset/img_10530.png,0.0,3
dataset/img_10535.png,0.0,3
dataset/img_10540.png,0.0,3
dataset/img_10545.png,0.0,3
dataset/img_10550.png,0.0,3
dataset/img_10555.png,0.0,3
dataset/img_10560.png,0.0,3
dataset/img_10565.png,0.0,3
dataset/img_10570.png,0.0,3
dataset/img_10575.png,0.0,3
dataset/img_10580.png,0.0,3
dataset/img_10585.png,0.0,3
dataset/img_10590.png,0.0,3
dataset/img_10595.png,0.0,3
dataset/img_10600.png,0.0,3
dataset/img_10605.png,0.0,3
dataset/img_10610.png,0.0,3
dataset/img_10615.png,0.0,3
dataset/img_10620.png,0.0,3
dataset/img_10625.png,0.0,3
dataset/img_10630.png,0.0,3
dataset/img_10635.png,0.0,3
dataset/img_10640.png,0.0,3
dataset/img_10645.png,0.0,3
dataset/img_10650.png,0.0,3
dataset/img_10655.png,0.0,3
dataset/img_10660.png,0.0,3
dataset/img_10665.png,0.0,3
dataset/img_10670.png,0.0,3
dataset/img_10675.png,0.0,3
dataset/img_10680.png,0.0,3
dataset/img_10685.png,0.0,3
dataset/img_10690.png,0.0,3
dataset/img_10695.png,0.0,3
dataset/img_10700.png,0.0,3
dataset/img_10705.png,0.0,3
dataset/img_10710.png,0.0,3
dataset/img_10715.png,0.0,3
dataset/img_10720.png,0.0,3
dataset/img_10725.png,0.0,3
dataset/img_10730.png,0.0,3
dataset/img_10735.png,0.0,3
dataset/img_10740.png,0.0,3
dataset/img_10745.png,0.0,3
dataset/img_10750.png,0.0,3
dataset/img_10755.png,0.0,3
dataset/img_10760.png,0.0,3
dataset/img_10765.png,0.0,3
dataset/img_10770.png,0.0,3
dataset/img_10775.png,0.0,3
dataset/img_10780.png,-0.2,3
dataset/img_10785.png,-0.3,3
dataset/img_10790.png,-0.3,3
dataset/img_10795.png,0.0,3
dataset/img_10800.png,0.0,3
dataset/img_10805.png,0.0,3
dataset/img_10810.png,0.0,3
dataset/img_10815.png,0.0,3
dataset/img_10820.png,0.0,3
dataset/img_10825.png,0.0,3
dataset/img_10830.png,0.0,3
dataset/img_10835.png,0.0,3
dataset/img_10840.png,0.0,3
dataset/img_10845.png,0.0,3
dataset/img_10850.png,0.0,3
dataset/img_10855.png,0.0,3
dataset/img_10860.png,0.0,3
dataset/img_10865.png,0.0,3
dataset/img_10870.png,0.0,3
dataset/img_10875.png,0.0,3
dataset/img_10880.png,0.0,3
dataset/img_10885.png,0.0,3
dataset/img_10890.png,0.0,3
dataset/img_10895.png,0.0,3
dataset/img_10900.png,0.0,3
dataset/img_10905.png,0.0,3
dataset/img_10910.png,0.0,3
dataset/img_10915.png,0.0,3
dataset/img_10920.png,0.0,3
dataset/img_10925.png,0.0,3
dataset/img_10930.png,0.0,3
dataset/img_10935.png,0.0,3
dataset/img_10940.png,0.0,3
dataset/img_10945.png,0.0,3
dataset/img_10950.png,0.0,3
dataset/img_10955.png,0.0,3
dataset/img_10960.png,0.0,3
dataset/img_10965.png,0.0,3
dataset/img_10970.png,0.0,3
dataset/img_10975.png,0.0,3
dataset/img_10980.png,0.0,3
dataset/img_10985.png,0.0,3
dataset/img_10990.png,0.0,3
dataset/img_10995.png,0.0,3
dataset/img_11000.png,0.0,3
dataset/img_11005.png,0.0,3
dataset/img_11010.png,0.0,3
dataset/img_11015.png,0.0,3
dataset/img_11020.png,0.0,3
dataset/img_11025.png,0.0,3
dataset/img_11030.png,0.0,3
dataset/img_11035.png,0.0,3
dataset/img_11040.png,0.0,3
dataset/img_11045.png,0.0,3
dataset/img_11050.png,0.0,3
dataset/img_11055.png,0.0,3
dataset/img_11060.png,0.0,3
dataset/img_11065.png,0.0,3
dataset/img_11070.png,0.0,3
dataset/img_11075.png,0.0,3
dataset/img_11080.png,0.0,3
dataset/img_11085.png,0.0,3
dataset/img_11090.png,0.0,3
dataset/img_11095.png,0.0,3
dataset/img_11100.png,0.0,3
dataset/img_11105.png,0.0,3
dataset/img_11110.png,0.0,3
dataset/img_11115.png,0.0,3
dataset/img_11120.png,0.0,3
dataset/img_11125.png,0.0,3
dataset/img_11130.png,0.0,3
dataset/img_11135.png,0.0,3
dataset/img_11140.png,0.2,3
dataset/img_11145.png,0.2,3
dataset/img_11150.png,0.0,3
dataset/img_11155.png,0.0,3
dataset/img_11160.png,0.0,3
dataset/img_11165.png,0.0,3
dataset/img_11170.png,0.0,3
dataset/img_11175.png,0.0,3
dataset/img_11180.png,0.0,3
dataset/img_11185.png,0.0,3
dataset/img_11190.png,0.0,3
dataset/img_11195.png,0.25,3
dataset/img_11200.png,0.3,3
dataset/img_11205.png,0.0,3
dataset/img_11210.png,0.0,3
dataset/img_11215.png,0.0,3
dataset/img_11220.png,0.0,3
dataset/img_11225.png,0.0,3
dataset/img_11230.png,0.0,3
dataset/img_11235.png,0.0,3
dataset/img_11240.png,0.1,3
dataset/img_11245.png,0.35,3
dataset/img_11250.png,0.44999999999999996,3
dataset/img_11255.png,0.0,3
dataset/img_11260.png,0.0,3
dataset/img_11265.png,0.0,3
dataset/img_11270.png,0.0,3
dataset/img_11275.png,0.0,3
dataset/img_11280.png,0.0,3
dataset/img_11285.png,0.0,3
dataset/img_11290.png,0.25,3
dataset/img_11295.png,0.35,3
dataset/img_11300.png,0.0,3
dataset/img_11305.png,0.0,3
dataset/img_11310.png,0.0,3
dataset/img_11315.png,0.0,3
dataset/img_11320.png,0.0,3
dataset/img_11325.png,0.0,3
dataset/img_11330.png,0.0,3
dataset/img_11335.png,0.15000000000000002,3
dataset/img_11340.png,0.35,3
dataset/img_11345.png,0.0,3
dataset/img_11350.png,0.0,3
dataset/img_11355.png,0.0,3
dataset/img_11360.png,0.0,3
dataset/img_11365.png,0.0,3
dataset/img_11370.png,0.0,3
dataset/img_11375.png,0.0,3
dataset/img_11380.png,0.2,3
dataset/img_11385.png,0.35,3
dataset/img_11390.png,0.0,3
dataset/img_11395.png,0.0,3
dataset/img_11400.png,0.0,3
dataset/img_11405.png,0.0,3
dataset/img_11410.png,0.0,3
dataset/img_11415.png,0.0,3
dataset/img_11420.png,0.0,3
dataset/img_11425.png,0.0,3
dataset/img_11430.png,0.0,3
dataset/img_11435.png,0.25,3
dataset/img_11440.png,0.49999999999999994,3
dataset/img_11445.png,0.49999999999999994,3
dataset/img_11450.png,0.0,3
dataset/img_11455.png,0.0,3
dataset/img_11460.png,0.0,3
dataset/img_11465.png,0.0,3
dataset/img_11470.png,0.0,3
dataset/img_11475.png,0.0,3
dataset/img_11480.png,0.0,3
dataset/img_11485.png,0.05,3
dataset/img_11490.png,0.3,3
dataset/img_11495.png,0.5,3
dataset/img_11500.png,0.5,3
dataset/img_11505.png,0.0,3
dataset/img_11510.png,0.0,3
dataset/img_11515.png,0.0,3
dataset/img_11520.png,0.0,3
dataset/img_11525.png,0.0,3
dataset/img_11530.png,0.0,3
dataset/img_11535.png,0.05,3
dataset/img_11540.png,0.3,3
dataset/img_11545.png,0.49999999999999994,3
dataset/img_11550.png,0.0,3
dataset/img_11555.png,0.0,3
dataset/img_11560.png,0.0,3
dataset/img_11565.png,0.0,3
dataset/img_11570.png,0.0,3
dataset/img_11575.png,0.0,3
dataset/img_11580.png,0.0,3
dataset/img_11585.png,0.0,3
dataset/img_11590.png,0.0,3
dataset/img_11595.png,0.0,3
dataset/img_11600.png,0.0,3
dataset/img_11605.png,0.0,3
dataset/img_11610.png,0.0,3
dataset/img_11615.png,0.0,3
dataset/img_11620.png,0.0,3
dataset/img_11625.png,0.0,3
dataset/img_11630.png,0.0,3
dataset/img_11635.png,0.0,3
dataset/img_11640.png,0.0,3
dataset/img_11645.png,0.0,3
dataset/img_11650.png,0.0,3
dataset/img_11655.png,0.0,3
dataset/img_11660.png,0.0,3
dataset/img_11665.png,0.0,3
dataset/img_11670.png,0.0,3
dataset/img_11675.png,0.0,3
dataset/img_11680.png,0.0,3
dataset/img_11685.png,0.0,3
dataset/img_11690.png,0.0,3
dataset/img_11695.png,0.0,3
dataset/img_11700.png,0.0,3
dataset/img_11705.png,0.0,3
dataset/img_11710.png,0.0,3
dataset/img_11715.png,0.0,3
dataset/img_11720.png,0.0,3
dataset/img_11725.png,0.0,3
dataset/img_11730.png,0.0,3
dataset/img_11735.png,0.0,3
dataset/img_11740.png,0.0,3
dataset/img_11745.png,0.0,3
dataset/img_11750.png,0.0,3
dataset/img_11755.png,0.0,3
dataset/img_11760.png,0.0,3
dataset/img_11765.png,0.0,3
dataset/img_11770.png,0.0,3
dataset/img_11775.png,0.0,3
dataset/img_11780.png,0.0,3
dataset/img_11785.png,0.0,3
dataset/img_11790.png,0.0,3
dataset/img_11795.png,0.0,3
dataset/img_11800.png,0.05,3
dataset/img_11805.png,0.3,3
dataset/img_11810.png,0.49999999999999994,3
dataset/img_11815.png,0.49999999999999994,3
dataset/img_11820.png,0.49999999999999994,3
dataset/img_11825.png,0.49999999999999994,3
dataset/img_11830.png,0.49999999999999994,3
dataset/img_11835.png,0.0,3
dataset/img_11840.png,0.0,3
dataset/img_11845.png,0.0,3
dataset/img_11850.png,0.0,3
dataset/img_11855.png,0.0,3
dataset/img_11860.png,0.0,3
dataset/img_11865.png,0.0,3
dataset/img_11870.png,0.0,3
dataset/img_11875.png,0.0,3
dataset/img_11880.png,0.0,3
dataset/img_11885.png,0.0,3
dataset/img_11890.png,0.0,3
dataset/img_11895.png,0.0,3
dataset/img_11900.png,0.0,3
dataset/img_11905.png,0.0,3
dataset/img_11910.png,0.0,3
dataset/img_11915.png,0.0,3
dataset/img_11920.png,-0.25,3
dataset/img_11925.png,-0.44999999999999996,3
dataset/img_11930.png,-0.44999999999999996,3
dataset/img_11935.png,-0.44999999999999996,3
dataset/img_11940.png,-0.44999999999999996,3
dataset/img_11945.png,-0.44999999999999996,3
dataset/img_11950.png,-0.44999999999999996,3
dataset/img_11955.png,-0.44999999999999996,3
dataset/img_11960.png,-0.44999999999999996,3
dataset/img_11965.png,-0.44999999999999996,3
dataset/img_11970.png,-0.44999999999999996,3
dataset/img_11975.png,-0.39999999999999997,3
dataset/img_11980.png,-0.15000000000000002,3
dataset/img_11985.png,0.09999999999999999,3
dataset/img_11990.png,0.09999999999999999,3
dataset/img_11995.png,0.09999999999999999,3
dataset/img_12000.png,0.09999999999999999,3
dataset/img_12005.png,0.09999999999999999,3
dataset/img_12010.png,0.09999999999999999,3
dataset/img_12015.png,0.09999999999999999,3
dataset/img_12020.png,0.09999999999999999,3
dataset/img_12025.png,0.09999999999999999,3
dataset/img_12030.png,0.09999999999999999,3
dataset/img_12035.png,0.09999999999999999,3
dataset/img_12040.png,0.09999999999999999,3
dataset/img_12045.png,0.09999999999999999,3
dataset/img_12050.png,0.09999999999999999,3
dataset/img_12055.png,0.09999999999999999,3
dataset/img_12060.png,0.09999999999999999,3
dataset/img_12065.png,0.09999999999999999,3
dataset/img_12070.png,0.09999999999999999,3
dataset/img_12075.png,0.2,3
dataset/img_12080.png,0.44999999999999996,3
dataset/img_12085.png,0.5,3
dataset/img_12090.png,0.5,3
dataset/img_12095.png,0.5,3
dataset/img_12100.png,0.5,3
dataset/img_12105.png,0.5,3
dataset/img_12110.png,0.5,3
dataset/img_12115.png,0.45,3
dataset/img_12120.png,0.20000000000000007,3
dataset/img_12125.png,0.15000000000000008,3
dataset/img_12130.png,0.15000000000000008,3
dataset/img_12135.png,0.15000000000000008,3
dataset/img_12140.png,0.15000000000000008,3
dataset/img_12145.png,0.15000000000000008,3
dataset/img_12150.png,0.15000000000000008,3
dataset/img_12155.png,0.15000000000000008,3
dataset/img_12160.png,0.10000000000000007,3
dataset/img_12165.png,-0.14999999999999994,3
dataset/img_12170.png,-0.3499999999999999,3
dataset/img_12175.png,-0.3499999999999999,3
dataset/img_12180.png,-0.3999999999999999,3
dataset/img_12185.png,-0.5,3
dataset/img_12190.png,-0.5,3
dataset/img_12195.png,-0.5,3
dataset/img_12200.png,-0.5,3
dataset/img_12205.png,-0.5,3
dataset/img_12210.png,-0.5,3
dataset/img_12215.png,-0.5,3
dataset/img_12220.png,-0.5,3
dataset/img_12225.png,-0.5,3
dataset/img_12230.png,-0.5,3
dataset/img_12235.png,0.0,3
dataset/img_12240.png,0.0,3
dataset/img_12245.png,0.0,3
dataset/img_12250.png,0.0,3
dataset/img_12255.png,0.0,3
dataset/img_12260.png,0.0,3
dataset/img_12265.png,0.0,3
dataset/img_12270.png,0.0,3
dataset/img_12275.png,0.0,3
dataset/img_12280.png,0.0,3
dataset/img_12285.png,0.0,3
dataset/img_12290.png,0.0,3
dataset/img_12295.png,0.0,3
dataset/img_12300.png,0.0,3
dataset/img_12305.png,0.0,3
dataset/img_12310.png,0.0,3
dataset/img_12315.png,0.0,3
dataset/img_12320.png,-0.15000000000000002,3
dataset/img_12325.png,-0.39999999999999997,3
dataset/img_12330.png,-0.44999999999999996,3
dataset/img_12335.png,-0.44999999999999996,3
dataset/img_12340.png,0.0,3
dataset/img_12345.png,0.0,3
dataset/img_12350.png,0.0,3
dataset/img_12355.png,0.0,3
dataset/img_12360.png,0.0,3
dataset/img_12365.png,0.0,3
dataset/img_12370.png,0.0,3
dataset/img_12375.png,0.0,3
dataset/img_12380.png,0.0,3
dataset/img_12385.png,0.0,3
dataset/img_12390.png,-0.1,3
dataset/img_12395.png,-0.3,3
dataset/img_12400.png,-0.3,3
dataset/img_12405.png,-0.3,3
dataset/img_12410.png,0.0,3
dataset/img_12415.png,0.0,3
dataset/img_12420.png,0.0,3
dataset/img_12425.png,0.0,3
dataset/img_12430.png,0.0,3
dataset/img_12435.png,0.0,3
dataset/img_12440.png,0.0,3
dataset/img_12445.png,0.0,3
dataset/img_12450.png,-0.15000000000000002,3
dataset/img_12455.png,-0.39999999999999997,3
dataset/img_12460.png,-0.44999999999999996,3
dataset/img_12465.png,0.0,3
dataset/img_12470.png,0.0,3
dataset/img_12475.png,0.0,3
dataset/img_12480.png,0.0,3
dataset/img_12485.png,0.0,3
dataset/img_12490.png,0.0,3
dataset/img_12495.png,0.0,3
dataset/img_12500.png,0.0,3
dataset/img_12505.png,-0.1,3
dataset/img_12510.png,-0.35,3
dataset/img_12515.png,-0.5,3
dataset/img_12520.png,-0.5,3
dataset/img_12525.png,-0.5,3
dataset/img_12530.png,-0.5,3
dataset/img_12535.png,0.0,3
dataset/img_12540.png,0.0,3
dataset/img_12545.png,0.0,3
dataset/img_12550.png,0.0,3
dataset/img_12555.png,0.0,3
dataset/img_12560.png,0.0,3
dataset/img_12565.png,0.0,3
dataset/img_12570.png,0.0,3
dataset/img_12575.png,0.0,3
dataset/img_12580.png,0.0,3
dataset/img_12585.png,0.0,3
dataset/img_12590.png,0.0,3
dataset/img_12595.png,-0.25,3
dataset/img_12600.png,-0.44999999999999996,3
dataset/img_12605.png,-0.44999999999999996,3
dataset/img_12610.png,-0.44999999999999996,3
dataset/img_12615.png,0.0,3
dataset/img_12620.png,0.0,3
dataset/img_12625.png,0.0,3
dataset/img_12630.png,0.0,3
dataset/img_12635.png,0.0,3
dataset/img_12640.png,0.0,3
dataset/img_12645.png,0.0,3
dataset/img_12650.png,0.0,3
dataset/img_12655.png,0.0,3
dataset/img_12660.png,0.0,3
dataset/img_12665.png,0.0,3
dataset/img_12670.png,0.0,3
dataset/img_12675.png,0.0,3
dataset/img_12680.png,0.0,3
dataset/img_12685.png,0.0,3
dataset/img_12690.png,0.0,3
dataset/img_12695.png,0.0,3
dataset/img_12700.png,0.0,3
dataset/img_12705.png,0.0,3
dataset/img_12710.png,0.0,3
dataset/img_12715.png,0.0,3
dataset/img_12720.png,0.0,3
dataset/img_12725.png,0.0,3
dataset/img_12730.png,0.0,3
dataset/img_12735.png,0.0,3
dataset/img_12740.png,0.0,3
dataset/img_12745.png,0.0,3
dataset/img_12750.png,0.0,3
dataset/img_12755.png,0.0,3
dataset/img_12760.png,0.0,3
dataset/img_12765.png,0.0,3
dataset/img_12770.png,0.0,3
dataset/img_12775.png,0.0,3
dataset/img_12780.png,0.0,3
dataset/img_12785.png,0.0,3
dataset/img_12790.png,0.0,3
dataset/img_12795.png,0.0,3
dataset/img_12800.png,0.0,3
dataset/img_12805.png,0.0,3
dataset/img_12810.png,-0.15000000000000002,3
dataset/img_12815.png,-0.39999999999999997,3
dataset/img_12820.png,-0.39999999999999997,3
dataset/img_12825.png,-0.39999999999999997,3
dataset/img_12830.png,0.0,3
dataset/img_12835.png,0.0,3
dataset/img_12840.png,0.0,3
dataset/img_12845.png,0.0,3
dataset/img_12850.png,0.0,3
dataset/img_12855.png,0.0,3
dataset/img_12860.png,0.0,3
dataset/img_12865.png,0.0,3
dataset/img_12870.png,0.0,3
dataset/img_12875.png,0.0,3
dataset/img_12880.png,0.0,3
dataset/img_12885.png,0.0,3
dataset/img_12890.png,0.0,3
dataset/img_12895.png,0.0,3
dataset/img_12900.png,0.0,3
dataset/img_12905.png,-0.25,3
dataset/img_12910.png,-0.49999999999999994,3
dataset/img_12915.png,-0.5,3
dataset/img_12920.png,0.0,3
dataset/img_12925.png,0.0,3
dataset/img_12930.png,0.0,3
dataset/img_12935.png,0.0,3
dataset/img_12940.png,0.0,3
dataset/img_12945.png,0.0,3
dataset/img_12950.png,0.0,3
dataset/img_12955.png,0.0,3
dataset/img_12960.png,-0.15000000000000002,3
dataset/img_12965.png,-0.39999999999999997,3
dataset/img_12970.png,-0.49999999999999994,3
dataset/img_12975.png,-0.49999999999999994,3
dataset/img_12980.png,-0.49999999999999994,3
dataset/img_12985.png,0.0,3
dataset/img_12990.png,0.0,3
dataset/img_12995.png,0.0,3
dataset/img_13000.png,0.0,3
dataset/img_13005.png,0.0,3
dataset/img_13010.png,0.0,3
dataset/img_13015.png,0.0,3
dataset/img_13020.png,0.0,3
dataset/img_13025.png,0.0,3
dataset/img_13030.png,0.0,3
dataset/img_13035.png,0.0,3
dataset/img_13040.png,0.0,3
dataset/img_13045.png,-0.1,3
dataset/img_13050.png,-0.35,3
dataset/img_13055.png,-0.35,3
dataset/img_13060.png,0.0,3
dataset/img_13065.png,0.0,3
dataset/img_13070.png,0.0,3
dataset/img_13075.png,0.0,3
dataset/img_13080.png,0.0,3
dataset/img_13085.png,0.0,3
dataset/img_13090.png,0.0,3
dataset/img_13095.png,0.0,3
dataset/img_13100.png,0.0,3
dataset/img_13105.png,0.0,3
dataset/img_13110.png,0.0,3
dataset/img_13115.png,0.0,3
dataset/img_13120.png,0.0,3
dataset/img_13125.png,0.0,3
dataset/img_13130.png,0.0,3
dataset/img_13135.png,0.0,3
dataset/img_13140.png,-0.1,3
dataset/img_13145.png,-0.35,3
dataset/img_13150.png,-0.44999999999999996,3
dataset/img_13155.png,0.0,3
dataset/img_13160.png,0.0,3
dataset/img_13165.png,0.0,3
dataset/img_13170.png,0.0,3
dataset/img_13175.png,0.0,3
dataset/img_13180.png,0.0,3
dataset/img_13185.png,0.0,3
dataset/img_13190.png,0.0,3
dataset/img_13195.png,0.0,3
dataset/img_13200.png,0.0,3
dataset/img_13205.png,-0.05,3
dataset/img_13210.png,-0.3,3
dataset/img_13215.png,-0.35,3
dataset/img_13220.png,0.0,3
dataset/img_13225.png,0.0,3
dataset/img_13230.png,0.0,3
dataset/img_13235.png,0.0,3
dataset/img_13240.png,0.0,3
dataset/img_13245.png,0.0,3
dataset/img_13250.png,0.0,3
dataset/img_13255.png,0.0,3
dataset/img_13260.png,0.0,3
dataset/img_13265.png,-0.2,3
dataset/img_13270.png,-0.44999999999999996,3
dataset/img_13275.png,-0.44999999999999996,3
dataset/img_13280.png,0.0,3
dataset/img_13285.png,0.0,3
dataset/img_13290.png,0.0,3
dataset/img_13295.png,0.0,3
dataset/img_13300.png,0.0,3
dataset/img_13305.png,0.0,3
dataset/img_13310.png,0.0,3
dataset/img_13315.png,0.0,3
dataset/img_13320.png,0.0,3
dataset/img_13325.png,0.0,3
dataset/img_13330.png,0.0,3
dataset/img_13335.png,-0.1,3
dataset/img_13340.png,-0.3,3
dataset/img_13345.png,-0.3,3
dataset/img_13350.png,0.0,3
dataset/img_13355.png,0.0,3
dataset/img_13360.png,0.0,3
dataset/img_13365.png,0.0,3
dataset/img_13370.png,0.0,3
dataset/img_13375.png,0.0,3
dataset/img_13380.png,0.0,3
dataset/img_13385.png,0.0,3
dataset/img_13390.png,0.0,3
dataset/img_13395.png,0.0,3
dataset/img_13400.png,0.0,3
dataset/img_13405.png,0.0,3
dataset/img_13410.png,0.0,3
dataset/img_13415.png,0.0,3
dataset/img_13420.png,0.0,3
dataset/img_13425.png,0.0,3
dataset/img_13430.png,0.0,3
dataset/img_13435.png,0.0,3
dataset/img_13440.png,0.0,3
dataset/img_13445.png,0.0,3
dataset/img_13450.png,0.0,3
dataset/img_13455.png,0.0,3
dataset/img_13460.png,0.0,3
dataset/img_13465.png,0.0,3
dataset/img_13470.png,-0.05,3
dataset/img_13475.png,-0.3,3
dataset/img_13480.png,-0.35,3
dataset/img_13485.png,0.0,3
dataset/img_13490.png,0.0,3
dataset/img_13495.png,0.0,3
dataset/img_13500.png,0.0,3
dataset/img_13505.png,0.0,3
dataset/img_13510.png,0.0,3
dataset/img_13515.png,0.0,3
dataset/img_13520.png,0.0,3
dataset/img_13525.png,0.0,3
dataset/img_13530.png,0.0,3
dataset/img_13535.png,0.0,3
dataset/img_13540.png,0.0,3
dataset/img_13545.png,0.0,3
dataset/img_13550.png,0.0,3
dataset/img_13555.png,0.0,3
dataset/img_13560.png,0.0,3
dataset/img_13565.png,0.0,3
dataset/img_13570.png,0.0,3
dataset/img_13575.png,0.0,3
dataset/img_13580.png,0.0,3
dataset/img_13585.png,0.0,3
dataset/img_13590.png,0.0,3
dataset/img_13595.png,0.0,3
dataset/img_13600.png,0.0,3
dataset/img_13605.png,0.0,3
dataset/img_13610.png,0.0,3
dataset/img_13615.png,0.0,3
dataset/img_13620.png,0.0,3
dataset/img_13625.png,0.0,3
dataset/img_13630.png,0.0,3
dataset/img_13635.png,0.0,3
dataset/img_13640.png,0.0,3
dataset/img_13645.png,0.0,3
dataset/img_13650.png,0.0,3
dataset/img_13655.png,0.0,3
dataset/img_13660.png,0.0,3
dataset/img_13665.png,0.0,3
dataset/img_13670.png,0.0,3
dataset/img_13675.png,0.0,3
dataset/img_13680.png,0.0,3
dataset/img_13685.png,0.0,3
dataset/img_13690.png,0.0,3
dataset/img_13695.png,0.0,3
dataset/img_13700.png,0.0,3
dataset/img_13705.png,0.0,3
dataset/img_13710.png,0.0,3
dataset/img_13715.png,0.0,3
dataset/img_13720.png,0.0,3
dataset/img_13725.png,0.0,3
dataset/img_13730.png,0.0,3
dataset/img_13735.png,0.0,3
dataset/img_13740.png,0.0,3
dataset/img_13745.png,0.0,3
dataset/img_13750.png,0.0,3
dataset/img_13755.png,0.0,3
dataset/img_13760.png,0.0,3
dataset/img_13765.png,0.0,3
dataset/img_13770.png,0.0,3
dataset/img_13775.png,0.0,3
dataset/img_13780.png,0.0,3
dataset/img_13785.png,0.0,3
dataset/img_13790.png,0.0,3
dataset/img_13795.png,0.0,3
dataset/img_13800.png,0.0,3
dataset/img_13805.png,0.0,3
dataset/img_13810.png,0.0,3
dataset/img_13815.png,0.0,3
dataset/img_13820.png,0.0,3
dataset/img_13825.png,0.0,3
dataset/img_13830.png,0.0,3
dataset/img_13835.png,0.0,3
dataset/img_13840.png,0.0,3
dataset/img_13845.png,0.0,3
dataset/img_13850.png,0.0,3
dataset/img_13855.png,0.0,3
dataset/img_13860.png,0.0,3
dataset/img_13865.png,0.0,3
dataset/img_13870.png,0.0,3
dataset/img_13875.png,0.0,3
dataset/img_13880.png,0.0,3
dataset/img_13885.png,0.0,3
dataset/img_13890.png,0.0,3
dataset/img_13895.png,0.0,3
dataset/img_13900.png,0.0,3
dataset/img_13905.png,0.0,3
dataset/img_13910.png,0.0,3
dataset/img_13915.png,0.0,3
dataset/img_13920.png,0.0,3
dataset/img_13925.png,0.0,3
dataset/img_13930.png,0.0,3
dataset/img_13935.png,0.0,3
dataset/img_13940.png,0.0,3
dataset/img_13945.png,0.0,3
dataset/img_13950.png,0.0,3
dataset/img_13955.png,0.0,3
dataset/img_13960.png,0.0,3
dataset/img_13965.png,0.0,3
dataset/img_13970.png,0.0,3
dataset/img_13975.png,0.0,3
dataset/img_13980.png,0.0,3
dataset/img_13985.png,0.0,3
dataset/img_13990.png,0.0,3
dataset/img_13995.png,0.0,3
dataset/img_14000.png,0.0,3
dataset/img_14005.png,0.0,3
dataset/img_14010.png,0.0,3
dataset/img_14015.png,0.0,3
dataset/img_14020.png,0.0,3
dataset/img_14025.png,0.0,3
dataset/img_14030.png,0.0,3
dataset/img_14035.png,0.0,3
dataset/img_14040.png,0.0,3
dataset/img_14045.png,0.0,3
dataset/img_14050.png,0.0,3
dataset/img_14055.png,0.0,3
dataset/img_14060.png,0.0,3
dataset/img_14065.png,0.0,3
dataset/img_14070.png,0.0,3
dataset/img_14075.png,0.0,3
dataset/img_14080.png,0.0,3
dataset/img_14085.png,0.0,3
dataset/img_14090.png,0.0,3
dataset/img_14095.png,0.0,3
dataset/img_14100.png,0.0,3
dataset/img_14105.png,0.0,3
dataset/img_14110.png,0.0,3
dataset/img_14115.png,0.0,3
dataset/img_14120.png,0.0,3
dataset/img_14125.png,0.0,3
dataset/img_14130.png,0.0,3
dataset/img_14135.png,0.0,3
dataset/img_14140.png,0.0,3
dataset/img_14145.png,0.0,3
dataset/img_14150.png,0.0,3
dataset/img_14155.png,0.0,3
dataset/img_14160.png,0.0,3
dataset/img_14165.png,0.0,3
dataset/img_14170.png,0.0,3
dataset/img_14175.png,0.0,3
dataset/img_14180.png,0.0,3
dataset/img_14185.png,0.0,3
dataset/img_14190.png,0.0,3
dataset/img_14195.png,0.0,3
dataset/img_14200.png,0.0,3
dataset/img_14205.png,0.0,3
dataset/img_14210.png,0.0,3
dataset/img_14215.png,0.0,3
dataset/img_14220.png,0.0,3
dataset/img_14225.png,0.0,3
dataset/img_14230.png,0.0,3
dataset/img_14235.png,0.0,3
dataset/img_14240.png,0.0,3
dataset/img_14245.png,0.0,3
dataset/img_14250.png,0.0,3
dataset/img_14255.png,0.0,3
dataset/img_14260.png,0.0,3
dataset/img_14265.png,0.0,3
dataset/img_14270.png,-0.15000000000000002,3
dataset/img_14275.png,-0.39999999999999997,3
dataset/img_14280.png,-0.44999999999999996,3
dataset/img_14285.png,-0.44999999999999996,3
dataset/img_14290.png,-0.44999999999999996,3
dataset/img_14295.png,-0.44999999999999996,3
dataset/img_14300.png,-0.44999999999999996,3
dataset/img_14305.png,-0.44999999999999996,3
dataset/img_14310.png,-0.44999999999999996,3
dataset/img_14315.png,-0.44999999999999996,3
dataset/img_14320.png,-0.44999999999999996,3
dataset/img_14325.png,-0.44999999999999996,3
dataset/img_14330.png,-0.44999999999999996,3
dataset/img_14335.png,-0.44999999999999996,3
dataset/img_14340.png,-0.44999999999999996,3
dataset/img_14345.png,-0.44999999999999996,3
dataset/img_14350.png,-0.44999999999999996,3
